"category","total_spend","YYYY"
"Child In Care Agency Fostering",14908300.3800001,2013
"Permanent Teachers",36653.19,2012
"Highway Traffic Signals and Systems Accident Damage",10198.39,2014
"Traffic Signals and Systems Energy",52949.91,2014
"Long Term Residential Care",108146194.31,2011
"Short Term Care with Nursing",159357.76,2012
"Construction Costs-Mobile Classrooms",1264872.13,2013
"Land Agents Fees",25480.2,2014
"Personal Budget - Long Term Residential Care",11069.8,2014
"Other Expenses",194371.6,2013
"Land Registry Fees",959.55,2011
"Agency Staff - Supply Teachers",266730.51,2013
"Cycle To Work Scheme Lease Costs",49891.67,2014
"Transfer or Contribution to Earmarked Reserves",7550,2014
"Structural Building Work",497139.86,2011
"Grounds Maintenance Costs",811005.959999999,2011
"Compensation Loss of Office",27500,2012
"Book Stationery",32258.3,2012
"Bmf Fencing",2424.66,2012
"Contract Taxi Hire",63138.4,2012
"Highway Patching to Carriageway",1833090.26,2013
"Agency Staff - Permanent Teachers",31540.42,2012
"Highway Gritting Bleeding Roads",6874,2013
"Highway Winter Salt Barn Availability Charge under PFI",419918.06,2011
"Highway Drainage Rodding and Jetting",436590.34,2012
"Construction Costs - Roads",17278839.31,2011
"Traffic Signals and Systems Outstation Communication Maint.",23711.38,2014
"Other Hired & Contracted Services",5249770.94,2012
"Audit Fees - Other",19887.82,2013
"Enquiry Agents Fees",18622.85,2011
"Underspend B/Fwd",28395.93,2014
"Sessional Fees",1004821.56,2012
"Road Fund Licence",55,2011
"Hospitality Expenses",56422.98,2011
"Building / Planning Applications",236075.74,2014
"Hired & Contracted Services-Software",3178.5,2011
"Child In Care Secure Welfare",0,2012
"Contract Cleaning & Other Cleaning Services",34015.71,2013
"Bmf Electrical & Mechanical Maintenance",68566.43,2013
"Legal Expenses Land",123626.8,2013
"Interest",14800,2011
"Highway Surveys Footways/Cycleways",46134.59,2013
"Custody Fees",110458.67,2013
"Security Systems",143566.3,2012
"Fire Service Radio Equipment - Purchase",8468.12,2011
"Bedding & Linen",1530.08,2011
"Bmf Lifts Maintenance & Repairs",41840.32,2013
"Bmpp External Redecoration",89205.12,2012
"External Redecoration",529752.6,2012
"Injury Element Of Injured Retained Firemen",2017.17,2012
"Consultants Design Fees",88118.03,2013
"Highway Routine Maintenance Up Front Charge",168,2013
"Property Services DSO Charges",863293.41,2011
"Service Level Agreement With Organisations Providing Services to NCC",13672210.07,2012
"Road Fund Driving & Operators Licences",11954.18,2011
"Direct Payments - Respite Nursing Home",2484,2011
"Highway Street Lighting Non-Routine Maintenance",45155.43,2011
"School Academy Payments",1823991.51,2013
"Hospitality Expenses",37284.73,2012
"Internal Recharge Design",1886,2011
"Gas (LPG) & other Heating Fuels",12761.82,2014
"Sessional Fees",474805.68,2011
"Internal Recharge Schools",5499.78,2014
"EEC Subsidy To Contractor",14388.68,2011
"Child In Care Secure Welfare",9074.6,2011
"Bmpp Minor Building Repairs",254194.77,2013
"Other Hired & Contracted Services",12597417,2011
"Construction Costs - Roads",36158524.89,2012
"Enquiry Agents Fees",15347.89,2012
"Private Voluntary Independent School Pre-school & Playgroup",421946.57,2014
"Direct Labour Organisation Plant",2979.67,2011
"Actuarial Fees-Investment",65975,2012
"Service Level Agreement With Organisations Providing Services to NCC",14091600.69,2011
"Recharge Other Service",1375.05,2011
"Ext Highways - Utilities Trench & Cover Repairs",110334.27,2013
"Highway Street Lighting Non-Routine Maintenance",108605.21,2012
"Construction Costs - Roads - Amey",76028.82,2014
"Stamp Duty",1700,2011
"Personal Budget - Day Care",1123414.79,2014
"Alterations To Service - Other",48569.18,2014
"Inspection & Registration Payments",5950,2014
"Highway Weed spraying",25067.62,2014
"Bmf Equipment Inspection/Testing",33512.37,2014
"External Redecoration",814296.31,2011
"Under/Over Spend B/Fwd Previous Year",3632,2011
"Security Systems",121787.72,2011
"Fire Service Radio Equipment - Purchase",36943.83,2012
"Short Term Care with Nursing",233271.79,2011
"Long Term Residential Care",90167738.4300083,2012
"Block Subsidy Supporting People",120514.04,2011
"Agency Staff - Admin/Chief Officers - Scale K and Above",122755.26,2013
"Other Capital",375205.13,2014
"Tool Box Training",87.45,2011
"Permanent Teachers",10734.73,2011
"Highway Drainage Repairs",124969.14,2013
"Beverages",1808.72,2011
"Non Staff Public Transport Costs",10489769.37,2013
"IT Equipment",2702.06,2011
"General Equipment",68442.23,2011
"Contract Taxi Hire",77967.04,2011
"Book Stationery",21137.32,2011
"Highway Drainage Rodding and Jetting",286227.27,2011
"Highway Winter Salt Barn Availability Charge under PFI",516708.54,2012
"Agency Staff - Permanent Teachers",26372.57,2011
"Printing & Stationery",5000,2011
"Certificate - Electricity Power & Light",707693.22,2013
"Cost of Sales",67565.65,2013
"Surveyors Fees",6250,2013
"Grounds Maintenance Costs",250712.95,2012
"Structural Building Work",663024.25,2012
"Delivery/Collection",14553.11,2011
"Library Books-Standing Orders",7984.07,2014
"Gas Appliances & Repairs Test",47436.45,2011
"Contributions to NCC Partnerships",68006.86,2011
"Day Care / Supported Activities",2773869.33,2014
"Short-term Vehicle Hire",17539.57,2014
"Bmf Electrical Installation Testing",183570.99,2013
"Postage & Postal Services",517885.32,2012
"Wireless-Installation Charges",13854,2011
"Recharge Passenger Transport Group - Transport Costs",81556,2012
"ICT System Improvements",4607316.35,2011
"Temporary Staff Admin & Clerical",256883.03,2012
"Highway Winter Vehicle Charges",2044,2011
"Highway Fencing Repairs",67928,2013
"Construction-Eci-Highways Operations Payment System",3500,2012
"Special Aptitudes",1881.96,2011
"Computer Tapes & Disks",2526.69,2011
"Contact Arrangements",28670.88,2013
"Placement Cost - Agency Fee",117838,2012
"Protective Clothing and Uniforms",240717.32,2013
"Construction - Enabling Works",7563.56,2012
"Child In Care Residential School 38 Week Out Of Norfolk",23.6100000000006,2013
"Bmpp Repair & Replacement Of Light",2297.47,2012
"Consultants Fees",17445.24,2013
"Partnership Salary Costs",55966,2011
"Recharge Legal Services DSO",32217.58,2011
"Services of Solicitors Agents",348283.73,2012
"Agency Staff - Operational - Manual",940107.889999999,2013
"Insurance Employer's & Public Liability",-6365,2012
"Plant Replacements",279844.77,2012
"Leased Car Hire Costs",103133.06,2011
"Operational Staff - Scale K and Above",111178.4,2012
"Internal Recharge Drainage",511.56,2014
"Contract Grounds Maintenance",2873.53,2011
"Insurance Premiums Paid -External",1620649.19,2011
"Stationery",881.07,2012
"Purchase Of IT",2298526.79,2012
"Samples Analysis",20789.45,2011
"Community Based Assessments",82711.26,2014
"Bmpp Electrical Installation Testing",353648.48,2013
"Highway Rechargeable Works Payments",439187.55,2013
"Adaptation/Improvement-Existing Buildings",107595.49,2013
"Staff Car Parking",14976.66,2011
"Voluntary Driver Payments",77652.89,2011
"Temporary Protection Of Property",2312.25,2011
"Highway Illuminated Signs Energy",348615.37,2011
"Vehicle Abuse/Wear & Tear Costs",19466.56,2014
"Legal Expenses Buildings",3115.06,2012
"Highway Landscape Maintenance",10995,2012
"Child In Care Residential Education Only",27942.79,2011
"Traffic Signals and Systems Contracted Maint.",369641.34,2014
"Highway Patching to Carriageway and Footway",3150.28,2011
"Gas (mains supplied)",5207.73,2013
"CMW M&E Other",85444.56,2011
"Agency Staff - Relief Assistant Warden",50585.81,2013
"Discretionary Added Years & Pension Strain Payments",1666.83,2014
"Highway Bridge Maintenance",1065253.01,2013
"Highway Kerb Footway and Cycleway Repairs",65039.6,2014
"Contributions To Third Parties",3105.41,2013
"Highway Safety Barriers",278377.43,2011
"Bus & Rail Passes",1952.1,2011
"Direct Payment - One Off Payment To Carers",15687,2013
"Certificate - Plant Replacement",544895.73,2011
"Child In Care Residential Home In Norfolk",3434615.83,2013
"Error Account Code For Schools",876.96,2012
"Medical Requisites & Drugs Etc",8190.15,2014
"Purchase Of Major Software",6309,2014
"Marketing Design Costs",213302.58,2013
"Legal Expenses Buildings",15069.95,2011
"Highway Landscape Maintenance",35682.31,2011
"Foster Care Retainer Pay",62016.3,2013
"Non Staff Advertising - Statutory",49948.53,2013
"Highway Illuminated Signs Energy",153952.82,2012
"Education (Schools) Recoupment Payments",349354.38,2014
"Voluntary Driver Payments",140988.99,2012
"Court Fees",113375.5,2013
"Child In Care Residential Education Only",203377.03,2012
"Laboratory Testing -Pre Works",27348.28,2011
"Purchase Of IT",3602087.1,2011
"Stationery",36040.29,2011
"Disturbance Payment",13881.9,2014
"Actuarial Fees - Frs17",108604.61,2012
"Highway Safety Barriers",222582.42,2012
"Internal Recharge Verges Hedges Trees",1000,2014
"Contributions To NCC Partnerships & Pooled Funds",9500,2014
"Boiler & Heating Repl M&E",386705.22,2014
"Bmf Gas Appliances & Repairs Test",4541.4,2012
"Eyesight Testing",5256.25,2011
"Principal Paid on Debt Transferred From Other Authorities",177015,2011
"Certificate - Plant Replacement",119881.72,2012
"Construction Costs - Roads - HOPS",181234.67,2014
"CMW M&E Other",33546.59,2012
"Highway Surveys A Roads",45215.35,2012
"Highway Patching to Carriageway and Footway",3019.34,2012
"Bmpp Building Repairs",79274.27,2012
"Self Employed Foster Carers",37280,2011
"Roadmen",2500,2012
"Bmpp Fencing",16309.5,2013
"Agency Staff - Admin & Clerical - Scale A to J",150702.92,2014
"Temporary Staff Admin & Clerical",175363.35,2011
"Highway Winter Vehicle Charges",7424.97,2012
"Building Maintenance & Repairs",1003142.58,2014
"Placement Cost - Agency Fee",80231.83,2011
"Materials Purchases",2857076.56,2013
"Bmpp School Equipment Inspection/Test",121900.95,2014
"Highway Structures Maintenance",2237630.37,2013
"Purchase Of Farm Tools & Equipment",1052.28,2011
"Construction-Eci-Highways Operations Payment System",1414.73,2011
"Gas Appliances & Repairs Test",39125.11,2012
"Company Searches",2115,2013
"Other Parties Costs",3919.45,2013
"ICT System Improvements",6610682.19,2012
"Work Experience Expenses",4869.54,2011
"Recharge Passenger Transport Group - Transport Costs",10000,2011
"Postage & Postal Services",722741.68,2011
"Catering Supplies",980,2014
"Operational Staff - Scale K and Above",34613.94,2011
"Plant Replacements",830498.59,2011
"Council Tax / Business Rates Payments",5968.34,2013
"Mobile Phone Call Charges",8.7,2014
"Insurance Premiums Paid -External",1631952.62,2012
"Carers Funding",1794.4,2013
"Highway Road Sign Maintenance",23180.65,2014
"Construction - Enabling Works",48036,2011
"Staff Advertising  Expenses",160011.82,2013
"Programme Management",5900,2011
"Services of Solicitors Agents",583556.43,2011
"Partnership Salary Costs",88525.45,2012
"Care Leavers Independent Living Grant",2671,2014
"Bmpp Reroofing",55894.46,2013
"Supporting Families with Disabilities - Domiciliary Care",46216.74,2014
"Personal Budget - Long Term Nursing Care",47510.31,2011
"Other Agency Payments",1700,2012
"Library Books - Adult Fiction",205931.72,2011
"Highway Emergency Cleansing",291.32,2011
"Private Vol. Ind. School Pre-School & Playgroup",4873832.87,2014
"Direct Payment - Respite Care with Nursing",698.1,2012
"Bmpp Gas Pressure Testing",7847.15,2013
"Compensation & Ex-Gratia Payments",10817,2012
"Purchase Of Domiciliary Care-Misg",0,2011
"Other Professional Services",1601718.78,2014
"Child In Care Residential School 38 Week In Norfolk",53584,2014
"Special Guardianship Child In Need",19997.37,2011
"Cleaning Materials Purchases",25865.79,2013
"Grants To Outside Bodies",1647744.59,2011
"Highway Traffic Signals and Systems Outstation Communication Maintenance",217926.51,2012
"Foster Carer Allowance Special Purposes",4989,2014
"Equipment Inspection/Testing",556.34,2011
"External Examinations Fees",42182.33,2014
"Vending Machine Ingredients",480,2011
"Highway Visual Road and Footway Condition Survey",1295,2011
"Bmpp Plant Replacements",145747.81,2013
"Site Invest/Surveys",281559.96,2013
"Pension Fund Deficit Payment",417000,2013
"Grants",445,2012
"Admin & Clerical - Scale A to J",58945.15,2013
"Non Staff Advertising - Discretionary",347475.07,2014
"Building Alterations & Improvements",440261.47,2011
"Construction Cost-Adoption/Improvement Building",15284431.99,2011
"Fuel Oil",88837.65,2012
"Kinship Care Allowance",1567,2013
"Bank Charges",126095.71,2013
"Securicor Cash Collection",2714.7,2011
"Child In Care Residential School 52 Week In Norfolk",1204638.52,2014
"Landfill Leachate Costs",266829.41,2014
"Care Leavers-Education/Training",5685.32,2014
"Schedule of Rates Vehicle Maintenance",306594.28,2014
"Gas Pressure Testing",2110.69,2012
"Contract Catering-Ex Work",3917.49,2011
"Accommodation Works Land",3336.57,2014
"Highway Road Markings",551592.54,2013
"Agency Staff - Panel Funded Staff",838.77,2013
"General Disbursements",48877.27,2012
"Security System",2439.52,2011
"Tree Planting/Landscaping",5450,2014
"Housing Related Support-Other Bodies",2103644.19,2014
"Witnesses Expenses and Reports",135748.4,2013
"Bmpp Ashpalting",5223.75,2012
"Non Staff Course Conference & Subsistence Expenses",352309.65,2013
"Cost of Licenses & Subscriptions",413379.63,2013
"Lecturers Fees & Expenses",4000.6,2011
"Counsel's Fees",846566.17,2013
"Software Purchases",31559.42,2011
"Equipment Repairs Maintenance & Servicing",485676.68,2013
"DVD'S",48650.31,2014
"Buildings Fixtures & Fittings",23005.41,2014
"Engineering Design Fees",1471499.21,2013
"Equipment Leasing Costs",50717.37,2014
"Payment to Independent Schools",937314.42,2011
"Teaching Support",59213.46,2012
"M&E Other (Schools)",1553.95,2011
"Bmf Generators & Repairs Arising",3813.55,2012
"Site Works - Land",9000.99,2014
"Section 17 Financial Assistance",45001.58,2013
"Management Fees - Performance",725326.35,2013
"Awards Or Grants For School Children Students & Learners",130665.37,2012
"Contract Plant & Machinery Hire",1843816.18,2011
"Staff Medical & Eyesight  Fees",549093.56,2013
"Spoken Word Cassettes",72593.87,2011
"Highway Gulley Emptying",941661.13,2011
"Welfare/ Learning Support Assistants",14604.75,2013
"General Disbursements",43623.8,2011
"Child In Care Health Care",9300,2013
"ICT Leasing Costs",1978.32,2011
"Gas Pressure Testing",50031.28,2011
"Awards Or Grants For School Children Students & Learners",639649.62,2011
"Contract Plant & Machinery Hire",1664851.34,2012
"Spoken Word Cassettes",159443.92,2012
"Highway Gulley Emptying",892868.2,2012
"Purchase Of Independent Respite Care Misg",4852.29,2011
"Server Management",1716.56,2011
"Public Inquiry Costs",251185.23,2013
"Operational Equipment - Purchase",12851.72,2011
"Insurance Costs",584,2013
"M&E Other (Schools)",1349825.8,2012
"Teaching Support",124587.55,2011
"Site Supervision",17219.58,2014
"Internal Audit Charges",232434.29,2013
"Accommodation Works Buildings",3730.66,2011
"Equipment For Disabled People",560399.53,2011
"Grants To Outside Bodies",1280586.65,2012
"Highway Traffic Signals and Systems Outstation Communication Maintenance",183600.6,2011
"Special Guardianship Child In Need",18311.2,2012
"Repairs-Hydraulic Rescue Equipment",5765.13,2011
"Alterations To Service - Water",60075.65,2014
"Agency Staff - Casual Labour",13820.78,2012
"Window Cleaning",700.79,2011
"Compensation & Ex-Gratia Payments",8446.58,2011
"Other Agency Payments",524601.75,2011
"Other Vehicles Running Costs",62202.38,2013
"Rents and Hire of Premises & Facilities",1345035.46,2013
"Contract Overheads",770445.25,2014
"Vehicle Leasing Costs",30482,2011
"Water and Sewerage Costs",139701.11,2014
"Library Books - Adult Fiction",244698.5,2012
"Highway Emergency Cleansing",8185.78,2012
"Extended Schools Community Running Costs",5331,2011
"Grants",7240,2011
"Other (Photos Etc)",20519.94,2013
"Fuel Oil",191132.99,2011
"Purchase of Care - Unspecified",15509.37,2013
"Building Alterations & Improvements",626812.72,2012
"Quantity Surveying/Structural Engineering Fees",15955,2011
"Direct Bank Charges",1199.59,2011
"Equipment Inspection/Testing",271.6,2012
"Highway Winter Ice Prediction Service Charge",25637,2013
"Highway Visual Road and Footway Condition Survey",62617.15,2012
"At Installation",460,2011
"Removal Of Office Furniture",7238.02,2011
"Lifts Maintenance & Repairs",70432.44,2011
"Purchase Of Software Licences",2395,2013
"Staff Training Costs",599945.06,2014
"Support Services",28538.5,2013
"Construction-Eci-Management",467718.67,2011
"Other Child Care Projects",506.38,2011
"Private Contractor Subsidy Payments",5120348.01,2011
"Workshop Equipment",16700.53,2011
"Agency Staff - Drivers",34161.14,2012
"Panel Funded Staff",63314.46,2011
"Private Contractor Catering Payments",1071.1,2013
"Bmpp Tank Clean/Water System Disinf",70057.44,2014
"Care Leavers -Independent Living",986.88,2011
"ICT Other Running Costs",1086684.33,2012
"Highway Winter Gritting",41547.13,2012
"Child In Care Short Term Break",1388.36,2013
"Bmf Repair & Replacement Of Light",3538.3,2012
"Construction Cost-Adaptation/Improvement Building",22665210.92,2011
"Recharge Room Hire",1384.73,2012
"Architects Fees",5958,2014
"Child In Care Residential School 52 Week Out Of Norfolk",2806044.66,2012
"Short Term Residential Care",1665765.42,2011
"Bmf External Redecoration",37756.89,2012
"Certificate - Building Fabric",81216.36,2014
"Highway Traffic Signal Replacement",3580.91,2011
"ICT Software Purchases, Licenses & Maintenance",3318363.28,2014
"Transport of Students Between Schools",0,2012
"Health & Safety At Work Act",447.85,2013
"Domiciliary Care",20825917.09,2011
"Library Books-Adult Non Fiction",96878.07,2014
"Bmpp Swimming Pool Maintenance",3391.19,2012
"Vehicles Purchases",29263.97,2011
"Residence Order Allowance",10698.89,2011
"Environmental Health Officer - Kitchen Improvements",6874.22,2012
"Services Provided By Landlord",132661.69,2013
"Library Books - Electronic Subscriptions",97935.67,2013
"Other Newspaper/Periodicals",18347.23,2014
"Legal Fees",8914.36,2011
"Wireless - Rentals",5880,2011
"Construction Costs Lafarge Tarmac",10451653.55,2014
"Purchase Of Land",887250.98,2012
"Repayment Of Local Managed School Loan",40260.86,2011
"Books and Publications",173663.25,2012
"Electricity",1264267.54,2013
"Office Equipment & Supplies",840589.13,2012
"Buildings - Internal Redecoration",10802.65,2011
"Non Staff Course, Conference & Subsistence Expenses",34372.22,2013
"Foster Parents Payments",2076146.12999997,2013
"Other Travel Expenses",22679.34,2011
"Project Management Costs",20681.4,2011
"Vehicle Insurance",-20324.93,2012
"Other Support Costs",100414.16,2011
"Petrol",1595.07,2011
"Child In Care Residential Home Out Of Norfolk",6581873.77,2012
"Legal Fees",33917.72,2012
"Internal Trading Units",3312.4,2014
"Education Repair & Replacement of Boats",2222.19,2011
"Accreditation Scheme Payments",3886513.69999999,2013
"Purchase Of Land",1088064.99,2011
"Highway Traffic Signals and Systems Non-Planned Maintenance",39266.29,2013
"Free Nursing Care  - High Band",14578.08,2014
"Domiciliary Care",21587548.04,2012
"Purchase Catering Equipment",26404.09,2011
"Bmf Building Work",324291.77,2013
"Alterations To Service - Telecom",158993.7,2013
"Interpreters",15677.24,2013
"Residence Order Allowance",20949.48,2012
"Environmental Health Officer - Kitchen Improvements",24882.9,2011
"Member Travel & Subsistence",435,2011
"Vehicles Purchases",114386.6,2012
"Other Travel Expenses",12860.04,2012
"Vehicle Insurance",-13289.41,2011
"Buildings - External Redecoration",1496,2014
"Escorts (Home to School Transport)",3498.5,2014
"Awards Or Grants For School Children, Students & Learners",72280,2014
"Child In Care Residential Home Out Of Norfolk",4845111.86999999,2011
"Linen & Laundry",5794.35,2013
"Other Support Costs",274513.09,2012
"Furniture Purchases",81108.63,2014
"Office Equipment & Supplies",200576.37,2011
"Personal Budget - Domiciliary Care",1156249.76,2014
"Books and Publications",508485.55,2011
"Free Nursing Care",324272.57,2013
"Construction Costs -Roads - ECI - May Gurney",554305.87,2012
"Buildings - Internal Redecoration",63465.52,2012
"Recharge - Staff Car Park",540,2011
"Purchase Of Vehicles over 20K",1416299.94,2013
"Recharge Events",800,2014
"Audit Fees - Grants",4650,2013
"Staff Public Transport Costs",200404.33,2014
"Assistant Part Time Youth Leader-Other",9435,2011
"Examining Body Costs",17158.6,2011
"Bmf Security Systems",51717.35,2014
"Highway Patching to Footway",203596.66,2014
"Lifts Maintenance & Repairs",58676.14,2012
"NPS Feasibility Study",13246.97,2011
"Agency Staff - Drivers",41245.59,2011
"Vehicle Repair Costs",177539.76,2013
"Panel Funded Staff",1215.98,2012
"Personal Budget - Respite Residential Care",320823.55,2013
"Alterations To Service - Gas",413285,2014
"Private Contractor Subsidy Payments",3616294.29,2012
"Highway Pothole Repairs",124125.25,2013
"Bmf Minor Building Repairs",13080.13,2012
"Highway Surveys C Roads",54823.14,2012
"Grants To Businesses",360902.4,2014
"Purchase Of Domiciliary Care-Non Grant",2367.28,2011
"Child In Care Nursing Care Home",28880,2013
"Transport of Students Between Schools",540,2011
"Fire Service Radio Equipment - Running Costs",215150.98,2013
"Admin/ Chief Officers - Scale K and Above",16709.02,2013
"Hospital Purchase Short Term Residential Homes",12959.89,2011
"Ilex Fees",1045,2011
"Fire Prevention Equipment",3390.13,2011
"ICT Equipment Purchases",3356274.45,2014
"Child In Care Residential School 52 Week Out Of Norfolk",2998233.11,2011
"Construction Cost-Adaptation/Improvement Building",28796949.33,2012
"Highway Traffic Signals and Systems Planned and Contracted Maintenance",496423.29,2013
"Bmpp Lifts Maintenance & Repairs",15548.8,2014
"Bmf Internal Redecoration",3983.5,2014
"ICT Other Running Costs",566252.35,2011
"CONSTR COSTS - M&E OTHER",338006.06,2013
"Highway Winter Gritting",250229.46,2011
"Staff Excess Travel Expenses",2746.41,2011
"Graphics",15989,2011
"Breathing Apparatus",26066.39,2011
"Short Term Residential Care",1769910.58,2012
"Other Newspaper/Periodicals",34461.52,2012
"Internal Trading Units",141171,2011
"Broadband, Virtual Private Network & Leased Lines",10441.49,2013
"Training Centre Courses",29074.7,2011
"Purchase Of Furniture",396390.52,2013
"Direct Payments - Short Term Break",8391.36,2013
"Purchase Of Land",469750,2014
"Operational - Manual",189129.19,2012
"Leaving Care Act Allowance / Personal Support",5539.63,2011
"Support Staff Overtime",4879.96,2013
"Library Books-Adult Non Fiction",358083.14,2012
"Highway Road Cleansing",13151.32,2012
"Members Conference Expenses-Other",1420,2013
"Bmpp Swimming Pool Maintenance",4248.51,2014
"Free Nursing Care  - High Band",33339.48,2011
"Buildings - External Redecoration",3169,2011
"Vehicle Insurance",3705.77,2014
"Furniture Purchases",70869.02,2011
"Child In Care Residential Home Out Of Norfolk",3204159.95,2014
"Escorts (Home to School Transport)",24946.2,2011
"Books and Publications",182132.82,2014
"Personal Budget - Domiciliary Care",319288.54,2011
"Highway Street Lighting Energy",2207476.16,2013
"Office Equipment & Supplies",162975.78,2014
"Bmf Building Repairs",222428.03,2013
"Direct Payment - Respite Residential Care",5540,2011
"Bmpp Tank Clean/Water System Disinf",48995.97,2012
"Generators & Repairs Arising",7475.67,2011
"Staff Public Transport Costs",160729.42,2011
"Homelessness Support Child In Need",87413.84,2013
"Care Leavers Rent & Accommodation",780190.2,2013
"Recharge Office Accommodation",12405.67,2012
"Highway Patching to Footway",692890.69,2011
"Staff Training Costs",849458.53,2012
"Highway Illuminated Sign Non-Routine Maintenance",42681,2013
"Alterations To Service - Gas",117061.98,2011
"Electrical Installation Testing",411849.25,2012
"Certificate - Electricity, Power & Light",20155.06,2013
"Purchase Of Books",15254.19,2013
"Estate / Site Management Costs",1328351.67,2013
"Consultancy",174078.57,2011
"Phone - Calls",7.61,2012
"Bmpp Swimming Pool Plant",14526.8,2013
"ICT Other Running Costs",3718179.76,2014
"Highway Winter Gritting",46669.56,2014
"Highway Winter Weather Forecast Service Charge",1850,2011
"Agency",79293.33,2011
"Bmf Repair & Replacement Of Light",39220.55,2014
"Architects Fees",676384.1,2012
"Bookbinding",2735.18,2014
"ICT Equipment Purchases",6807913.85999999,2011
"Child In Care Residential School 52 Week Out Of Norfolk",550617.79,2014
"Repairs Of Fixtures & Fittings",1461.93,2011
"Bmf External Redecoration",29172.99,2014
"Certificate - Building Fabric",548945.29,2012
"Staff Training Costs",1218203.77,2011
"Contract Transport  Hire",30500646.57,2013
"Bmf Security Systems",21008.1,2012
"Highway Patching to Footway",733267.45,2012
"Recharge Office Accommodation",3913.9,2011
"Highway Winter Salt Usage",1541166.24,2013
"Bmpp Fire Alarms",107222.42,2013
"Electrical Installation Testing",320264.54,2011
"Alterations To Service - Gas",557902.24,2012
"Private Contractor Subsidy Payments",2520178.74,2014
"Bmpp Gas Appliances & Repairs Test",59991.1,2013
"Agency Staff - Operational Hay & M",274428.46,2013
"Illustration",788.72,2011
"Staff Public Transport Costs",245741.18,2012
"Alterations To Service - Electricity",163084.01,2013
"Generators & Repairs Arising",29653.56,2012
"ICT Equipment Purchases",4769916.60000001,2012
"Architects Fees",8438594.43,2011
"Construction Cost-Adaptation/Improvement Building",12280810.53,2014
"Laboratory Testing-Works Related",10662.51,2011
"Bmpp Lifts Maintenance & Repairs",4295.56,2012
"Agency",26849.04,2012
"Bmf Internal Redecoration",12587,2012
"Highway Winter Weather Forecast Service Charge",16131.83,2012
"Certificate - Building Fabric",512465.34,2011
"Short Term Residential Care",1666469.08,2014
"Phone - Calls",21959.79,2011
"Bmf Minor Building Repairs",59885.54,2014
"Car Allowance-Essential Users",2289.7,2011
"Customer Research & Insight",27877.2,2013
"Official Legislation Documents",3402.5,2011
"Audit Fees - Accounts",212190,2013
"Free Nursing Care  - High Band",5834.4,2012
"Internal Recharge Other Appointed Costs",1312.6,2013
"Domiciliary Care",16851997.44,2014
"Library Books-Adult Non Fiction",250815.68,2011
"Highway Road Cleansing",12284.78,2011
"Residence Order Allowance",1783.72,2014
"Vehicles Purchases",21250,2014
"Legal Fees",51079.29,2014
"Additional Furniture & Equipment",61404.03,2013
"Internal Trading Units",6034,2012
"Case Reviews",5170.65,2011
"Other Newspaper/Periodicals",7077.96,2011
"Operational - Manual",170282.11,2011
"Archaeological Excavation",7149.18,2011
"Swimming & Games Facilities",95955.89,2013
"Personal Budget - Domiciliary Care",1237757.46,2012
"Long Term Care with Nursing",13679274.5599999,2013
"Bmf Gas Pressure Testing",101.15,2014
"Construction Costs -Roads - ECI - May Gurney",80711.75,2014
"Buildings - Internal Redecoration",8862.5,2014
"Discretionary Added Years Including Pension Increase Lump Sum",2115.62,2011
"On-Line Bank Charges",33359.75,2013
"Other Travel Expenses",6700,2014
"Project Management Costs",8530,2014
"Buildings - External Redecoration",600,2012
"Fire Fighting Equipment- Inspection",139.78,2011
"Agency Staff - Operational APT&C",2088085.53,2013
"Escorts (Home to School Transport)",11834.99,2012
"Default",1000,2013
"Complaints Procedures",3000,2011
"Other Support Costs",770,2014
"Furniture Purchases",138046.97,2012
"Linen Hire",46607.12,2011
"Fees/Expenses Other Consultants",67581.88,2011
"General Disbursements",52436.88,2014
"Equipment Repairs, Maintenance & Servicing",181547.71,2014
"Tree Planting/Landscaping",420,2012
"Supply Teachers",31532.45,2013
"Housing Related Support-Other Bodies",2197500,2012
"Bmpp Ashpalting",12121.9,2014
"Pest Control",4050,2011
"Fire Service Feeding At Fires",12028.45,2013
"Internal Recharge Pot Holes",162.09,2011
"Mgt Fees - Gen",685,2013
"Bmpp Structural Builidng Work",86561.94,2013
"Child In Care Residential School 52 Week In Norfolk",2462214.09,2012
"Care Leavers-Education/Training",4251.53,2012
"Landfill Leachate Costs",301910.46,2012
"Schedule of Rates Vehicle Maintenance",767120.19,2012
"Accommodation Works Land",350,2012
"Internal Recharge Signs Non-Illuminated",620,2014
"Vehicle Fuel",432207.57,2013
"Bmf Generators & Repairs Arising",15486.17,2014
"Site Works - Land",6551.46,2012
"Agency Staff - Cleaner/Domestic",4126.14,2011
"Highway Winter Snow Clearing",40045.3,2013
"DVD'S",130679.04,2012
"Buildings Fixtures & Fittings",170743.49,2012
"Printing Stationery and Photocopying",995461.92,2011
"Transfer of Government Grant",12001.92,2011
"Professional Fees Building Maintenance",595195.57,2011
"Providing Financial Assistance to Service Users",10325.35,2013
"Direct Payment - Day Care Services / Supported Activities",7645.61,2013
"Accommodation Works Buildings",249648.66,2014
"Teaching Support",23984.25,2014
"Equipment Leasing Costs",56871.38,2012
"Priority Routes 1 & 2 Standby (Morning)",13375,2011
"Site Supervision",660,2011
"Compact Discs",18892.45,2013
"Consultants Fees - Environmental",3886.68,2011
"Wireless - General",17071,2011
"Swimming Pool Plant",12939.19,2011
"Canon Hygiene Service Contract",1530.35,2011
"Hospital Purchase of Independent Residential Care-Special Transitional Grant",32110,2011
"Compensation & Ex-Gratia Payments",71441,2014
"Other Professional Services",1416898.82,2012
"Child In Care Residential School 38 Week In Norfolk",19362.27,2012
"Alterations To Service - Water",49427.55,2011
"Cost of Educational Visits and Games",9015.2,2013
"Highway Traffic Signals and Systems Outstation Communication Maintenance",9359.23,2014
"Fees & Charges",3328637.41,2013
"Care Leavers Independent Living Grant",8566.51,2012
"New Fund Mngr Selection",23312.48,2013
"Police Invoices - Norfolk Camera Road Partnership",228177.96,2011
"Contract Overheads",1026478.64,2011
"Supporting Families with Disabilities - Domiciliary Care",89198.12,2012
"Equipment Purchases For Service Users",1649696.56,2013
"RCHG Vehicles Hired from a Central Pool",4510.87,2013
"Legionella Improve",13863.03,2011
"Water and Sewerage Costs",238294.52,2011
"Traffic Signals and Systems Upgrade Works",18822.78,2014
"Adoption Allowance Payments",130845.42,2013
"Broadband Virtual Private Network & Leased Lines",157107.46,2011
"Work In Progress",1171.53,2013
"Non Staff Advertising - Discretionary",534136.78,2012
"Vandalism Under 500",10068.95,2011
"Fuel Oil",47589.64,2014
"Actuarial Fees - Gen",108200,2013
"Leased Car Maintenance Agreement",5324,2011
"Foster Carer Allowance Special Purposes",14367.74,2012
"Care Leavers-Rent/Accommodation",13060,2011
"Management & Consultancy Training",3250,2011
"External Examinations Fees",55057.78,2012
"Agency Staff - Support Staff - Manual",23550.14,2011
"Portable Electric Appliance Testing",789.3,2012
"ICT Software Purchases Licenses & Maintenance",3881773.56,2013
"Supporting Families with Disabilities - Domiciliary Care",8318.29,2011
"Contract Overheads",1598841.31,2012
"Care Leavers Independent Living Grant",6111.99,2011
"Water and Sewerage Costs",162282.11,2012
"Children At Home On Care Orders",1100,2013
"Library Books - Adult Fiction",52152.92,2014
"Highway Emergency Cleansing",7437.76,2014
"Grants To Other Public Bodies",148345.27,2014
"Adaptations",142203.72,2011
"Swimming Pool Plant",22912.63,2012
"Bmpp Electrical & Mechanical Maintenance",131182.34,2013
"Consultants Fees - Environmental",2781.6,2012
"Refund Of Contributions",11955.2,2013
"Grants To Outside Bodies",4630937.97,2014
"Special Guardianship Child In Need",89762.1,2014
"Other Professional Services",3198902.69,2011
"Alterations To Service - Water",61930.7,2012
"Child In Care Residential School 38 Week In Norfolk",29816,2011
"Bmf Reroofing",172486.27,2013
"Foster Carer Allowance Special Purposes",28221.01,2011
"Portable Electric Appliance Testing",2083.5,2011
"Highway Visual Road and Footway Condition Survey",3867.5,2014
"External Examinations Fees",132076.82,2011
"Highway Traffic Signals and Systems Energy",171004.36,2013
"Bmf Swimming Pool Maintenance",201.94,2012
"Newspaper Filming",9077.03,2013
"Broadband Virtual Private Network & Leased Lines",811077.6,2012
"Cleaner/Domestic",2562.57,2011
"Child In Care Education Costs",8240.7,2013
"School Transport Volunteers",1045.72,2011
"Block Gross Chargeable Supporting People",2489.06,2011
"Building Alterations & Improvements",105740.36,2014
"Non Staff Advertising - Discretionary",327835.43,2011
"Child In Care Residential School 52 Week In Norfolk",755284.72,2011
"Purchase Of Buildings",261790.49,2013
"Schedule of Rates Vehicle Maintenance",511964.24,2011
"Compulsory Purchase Order Inquiry Costs",7214.65,2013
"Landfill Leachate Costs",466615.92,2011
"Care Leavers-Education/Training",9819.02,2011
"Care Leavers Personal Allowance/Support",10809.72,2013
"Tree Planting/Landscaping",11373.06,2011
"Office Equipment Health & Safety",430.64,2011
"Printing Stationery and Photocopying",876281.879999998,2012
"Bmf Fire Alarms",98412.45,2013
"Professional Fees Building Maintenance",169494.63,2012
"Treasury-Leasing",2488,2014
"Buildings Fixtures & Fittings",72136.25,2011
"Subscriptions To Other Libraries",32621.06,2013
"DVD'S",63355.81,2011
"National Care Standards Set-Ups",4726,2011
"M&E Other (Schools)",1136902.85,2014
"Conservation Material",3175.56,2013
"Site Supervision",6210.37,2012
"Library Books - Junior Non Fiction",35660.49,2013
"Equipment Leasing Costs",106492.23,2011
"Contract Plant & Machinery Hire",980354.789999999,2014
"Agency Staff - Cleaner/Domestic",33,2012
"Video Recordings",1050,2014
"Site Works - Land",480,2011
"Highway Gulley Emptying",177946.94,2014
"Spoken Word Cassettes",26773.32,2014
"Medical Expenses/NHS Charges",1300,2011
"Education (Schools) Recoupment Payments",72903.1,2011
"Apportionment of Buildings Costs",56.66,2011
"Vehicle Abuse/Wear & Tear Costs",41128.74,2012
"Highway Landscape Maintenance",16567.5,2014
"Remote Control Apparatus",28392.62,2011
"Laboratory Testing -Pre Works",665.76,2014
"Specialised Equipment Service Contract",9153.98,2011
"Home To School Transport Contract Service",333290.05,2011
"Supported Living",17693224.03,2013
"Disturbance Payment",9921.4,2011
"Assistive Technology Equipment",91614.89,2011
"Paid School Meals Payments",543467.05,2012
"Purchase Of IT",1715352.08,2014
"Standard Fund Supply Teachers",5385.61,2014
"Community Based Assessments",21719.61,2012
"",190444889.579984,2014
"Construction Costs - New Buildings",6717.74,2013
"Catering Staff",3093.13,2011
"Interest Paid on External Loans",1055410.96,2013
"Internal Recharge Verges Hedges Trees",799,2011
"Part 1 Compensation Claims",12868.75,2012
"Purchase Of Major Software",46089.75,2012
"Medical Requisites & Drugs Etc",8996.27,2012
"Bmf Boiler Servicing",331055.44,2013
"Boiler & Heating Repl M&E",10000,2011
"Library Books - Junior Fiction",82443.7,2013
"Construction Costs - Roads - HOPS",196437.92,2011
"Agency Staff - Admin & Clerical - Scale A to J",221149.57,2011
"Consultants Fees and Charges",422628.43,2013
"Highway Kerb Footway and Cycleway Repairs",139797.7,2012
"Agency Staff - Home Care Assistants",13237.35,2012
"Child In Care Secure Remand",10770.52,2012
"Temporary Staff Admin & Clerical",82692.7500000001,2014
"Tyres",12221.98,2011
"Casual Labour",32454.1,2011
"Third Party Claims - Excess",5737.18,2011
"Information Leaflets",6494.16,2011
"Placement Cost - Agency Fee",385802.32,2014
"Building Maintenance & Repairs",1006286.38,2011
"Fixed Price Vehicle Maintenance",195415.42,2013
"Library Books-Standing Orders",21488.01,2012
"Highway Surveys B Roads",12919.7,2013
"Day Care / Supported Activities",3672400.51000001,2012
"Short-term Vehicle Hire",95117.27,2012
"Arts Grants",142682.43,2011
"Postage & Postal Services",134845.39,2014
"May Gurney Admin Staff",10346.83,2011
"Highway Lighting Repairs",18604.78,2013
"Operational Staff - Scale K and Above",8713.28,2014
"Catering Supplies",31253.1,2011
"Loans To Outside Bodies",550000,2012
"Mobile Phone Call Charges",1476.62,2011
"Purchase Of Equipment",1205329.96,2013
"Construction - Enabling Works",302399.75,2014
"Highway Traffic Signals and Systems Upgrade Works",104511.92,2011
"Highway Road Sign Maintenance",43078.49,2011
"Bmpp Repair & Replacement Of Light",859.9,2014
"Photocopying - General",67358.29,2011
"Equipment Purchases",1472615.81,2013
"Services of Solicitors Agents",157089.49,2014
"Day Care / Supported Activities",3665276.48,2011
"Short-term Vehicle Hire",126636.68,2011
"Alterations To Service - Sewerage",788.25,2014
"Library Books-Standing Orders",19872.39,2011
"Architects Charges (NPS)",43333.38,2011
"ICT System Improvements",4277546.62,2014
"Workshop Personal -Transport Duties",39288.41,2013
"Sundry Purchases",12501.96,2013
"Actuarial Fees- Actuarial",71260,2014
"Management Fees - General",5303329.12,2013
"Highway Winter Vehicle Charges",33897.02,2014
"Building Maintenance & Repairs",1293954.49,2012
"Certificate - Environment Control Systems",21300.38,2013
"Bmpp School Equipment Inspection/Test",22789.23,2012
"School Transport Taxi",7823,2011
"Highway Grass Cutting",555626.12,2013
"Site Works Buildings",5850,2013
"Casual Labour",3415.41,2012
"Refuse Collection Costs",37874.25,2013
"Highway Traffic Signals and Systems Upgrade Works",748117.07,2012
"Highway Road Sign Maintenance",39105.51,2012
"Personal Protective Equipment",1565.7,2011
"Registration Fees",5544,2011
"Rehabilitative Services",2322.79,2011
"Library Books - Large Print",128202.2,2013
"Catering Supplies",22354.26,2012
"Internal Recharge Drainage",1373.32,2011
"Standard Fund Other Staff",31931.49,2011
"Insurance Premiums Paid -External",1449895.77,2014
"Learning Resources Purchases",48747.03,2013
"Highway Verge Hedge and Tree Maintenance",3334.69,2013
"Paid School Meals Payments",3166183.55,2011
"Disturbance Payment",27331,2012
"Health Placement",164204.17,2011
"Agency Staff - Social Services Operational-Other",7897,2014
"Allocation of Contingency Provision",5887.55,2013
"Actuarial Fees - Frs17",60215,2014
"Agency Staff",219774.1,2011
"Vehicle Abuse/Wear & Tear Costs",33125.76,2011
"Staff Interview Expenses",4949.22,2013
"Education (Schools) Recoupment Payments",519.24,2012
"Apportionment of Buildings Costs",1380,2012
"Voluntary Driver Payments",87868.3100000001,2014
"Child In Care Residential Education Only",206450.48,2014
"CMW M&E Other",26836.95,2014
"Construction Costs - Roads - HOPS",238758.79,2012
"Purchase Of Nursing Rehabilitation - Alcohol",2848.92,2011
"Highway Patching to Carriageway and Footway",10100.25,2014
"Child In Care Secure Remand",32630.09,2011
"Bmpp Building Repairs",293286.66,2014
"Grant Payments",2411454.98,2013
"Highway Kerb Footway and Cycleway Repairs",168990.99,2011
"Discretionary Added Years & Pension Strain Payments",145813.51,2011
"Agency Staff - Admin & Clerical - Scale A to J",532492.859999999,2012
"Private Contractor Site Operation Payments",24297834.9899999,2013
"Accommodation Works/Contract",4265.75,2011
"Highway Safety Barriers",41515.26,2014
"Part 1 Compensation Claims",64000,2011
"Library Books General",36533.02,2013
"Catering Staff",815.73,2012
"Contributions To NCC Partnerships & Pooled Funds",65008.33,2012
"Boiler & Heating Repl M&E",1295823.89,2012
"Bmf Gas Appliances & Repairs Test",13511.19,2014
"Tuition Costs Secondary Teacher",2083.8,2011
"Purchase Of Major Software",42935.99,2011
"Medical Requisites & Drugs Etc",8487.38,2011
"Sessional Fees",379858.38,2014
"Premises Insurance",11983.01,2011
"Internal Recharge Schools",67812.63,2011
"Design Fees - Motts",1970204.63,2013
"Gas (LPG) & other Heating Fuels",7873.84,2011
"Loose Furniture & Fittings-Purchase",2414,2011
"Building / Planning Applications",6890.82,2012
"Bmf Asphalting",55747.05,2013
"Free School Meals Payments",1290268.04,2012
"Child In Care Secure Welfare",1460,2014
"Direct Payment - Supporting Families with Disabilities -Domiciliary Care",67893.47,2013
"Preliminary Design Fees",20615.27,2013
"Road Maintenance Contractor Payments",953047.22,2013
"Local Land Charges Fees",2506.73,2013
"Other Fuel",529.1,2011
"Other Hired & Contracted Services",6703095.61000001,2014
"Telephone Rental & Calls",1250951.28,2013
"Private Voluntary Independent School Pre-school & Playgroup",6128759.37,2011
"Operational Staff - Scale A to J",75579.69,2013
"Recharge Other Service",533.3,2014
"General Repairs",1164.14,2011
"Service Level Agreement With Organisations Providing Services to NCC",1072698.82,2014
"Staff Advertising Expenses",452.18,2011
"Internal Recharge Environment, Transport & Development",520,2014
"Construction Costs - Roads - Amey",164129.88,2011
"Swimming Pool Maintenance",2141.3,2011
"Free Nursing Care - High Band",7779.2,2011
"Printing, Stationery and Photocopying",14807.74,2013
"Agency Staff - Social Services Operational-Other1 April",425038.89,2013
"Foster Care Child In Care Holiday Allowance",1212,2013
"Inspection & Registration Payments",100357.28,2011
"Alterations To Service - Other",18906.23,2011
"Personal Budget - Day Care",280621.63,2011
"Admin Staff Overtime",3124.38,2011
"Property Services Graphics Charges",1660,2011
"Pension Basic Payments",84.07,2011
"Staff Subsistence & Conference Expenses",170679.2,2013
"Bmpp External Redecoration",57325.04,2014
"Bmpp Security Systems",87377.02,2013
"Highway Weed spraying",188543.51,2011
"Direct Payment - Equipment Purchases",5956.67,2012
"Short Term Care with Nursing",137896.03,2014
"Payment Pre School Provider",34387.06,2011
"Adoption - Introductory Expenses",396.17,2011
"Other Capital",233534.28,2011
"Land Agents Fees",10194.34,2012
"Personal Budget - Long Term Residential Care",26491.33,2012
"Permanent Teachers",17726.67,2014
"Highway Traffic Signals and Systems Accident Damage",28326.04,2012
"Cost of Providing Short Term Breaks",22430.19,2012
"Bmf Fencing",6887.05,2014
"Book Stationery",13688.92,2014
"Contract Taxi Hire",7414.7,2014
"Display Materials",56540.11,2011
"School House Maintenance.",1117.6,2013
"Highway Drainage Rodding and Jetting",172528.89,2014
"Community Safety Projects",1700,2011
"Own Disbursements Other",12950.79,2011
"Staff Car & Cycle Allowances",94567.27,2013
"Construction Costs Roads Other",245283.2,2013
"Delivery Service Charge",11,2011
"Bmpp Boiler Servicing",819981.099999999,2013
"Bmpp Electrical Rewiring",4417.32,2014
"Cost of Providing Short Term Breaks",30708.23,2011
"Training Travel & Subsistence",638,2011
"Highway Traffic Signals and Systems Accident Damage",25184.48,2011
"Long Term Residential Care",62817193.8400071,2014
"Bmf Plant Replacements",494066.1,2013
"Vehicle  Leasing Costs",1797057.28,2013
"Personal Budget - Long Term Residential Care",218957.16,2011
"Land Agents Fees",20644.86,2011
"General Equipment/Tools/Materials-Purchase",897,2013
"Office Library Textbooks",24809.1,2011
"Other Capital",106541,2012
"Direct Payment - Domiciliary Care",148586.47,2013
"Own Disbursements Other",127068.31,2012
"Private Finance Initiative Payments",13646743.03,2013
"Tree Planting/Landscaping Works",33795.82,2013
"Payments to Organisations Providing Services To NCC",1504804.48,2013
"Grounds Maintenance Costs",175405.82,2014
"Transfer or Contribution to Earmarked Reserves",17677.06,2011
"Repairs Subject To Insurance Claims",1437.58,2011
"Phone - Maintenance Costs",3914.03,2011
"Highway Winter Salt Barn Availability Charge under PFI",315844.34,2014
"Bmpp Swimming Pool Plant Replacement",2316.77,2013
"Contracted Overnight Accommodation",91829.99,2011
"Redundancy & Pension Payments",15000,2013
"Teaching Materials",1869.99,2011
"Construction Costs - Roads",5329354.08,2014
"Laundry Equipment Service Contract",17430.88,2011
"Internal Recharge Patching Cw",2326.2,2011
"Highway Surveys U Roads",19703.66,2014
"Underspend B/Fwd",65798.43,2011
"Enquiry Agents Fees",1388.39,2014
"Private Voluntary Independent School Pre-school & Playgroup",7823951.72,2012
"Hospitality Expenses",22171.09,2014
"Building / Planning Applications",1160.63,2011
"Livestock",1676,2011
"Gas (LPG) & other Heating Fuels",15811.14,2012
"Internal Recharge Schools",26991.28,2012
"Handset Unit Charge",428.75,2011
"Pension Augmentation",10678.66,2014
"Bmf Tank Clean/Water System Disinf",25774.95,2013
"Free School Meals Payments",3799636.82,2011
"Personal Budget - Day Care",1147789.64,2012
"Pension Basic Payments",706.66,2012
"Alterations To Service - Other",1891.89,2012
"Inspection & Registration Payments",2158.11,2012
"Annual Premiums Received",34172.78,2013
"Highway Weed spraying",116682.21,2012
"Computer &Ancillary Equipment-Rental/Operating Lease",9623.42,2011
"Construction Costs - Roads - Management",11120160.79,2011
"Other Indirect Employee Expenses",12965.67,2013
"Fire Service Radio Equipment - Purchase",7901.8,2014
"Actuarial Fees-Investment",24175,2014
"Payments to Voluntary Asociations-Est/Private School",2702.86,2011
"Swimming Pool Maintenance",4637.23,2012
"Highway Street Lighting Non-Routine Maintenance",777938.09,2014
"Construction Costs - Roads - Amey",17374.89,2012
"Construction Costs-Mobile Classrooms",1482968.98,2012
"Short Term Care with Nursing",222182.67,2013
"Agency Staff - Admin/Chief Officers - Scale K and Above",279118.52,2011
"Permanent Teachers",26590.01,2013
"Child In Care Agency Fostering",13661083.5100002,2012
"Highway Drainage Repairs",110490.59,2011
"Non Staff Public Transport Costs",8583792.39,2011
"Highway Patching to Carriageway",1824329.55,2012
"Contract Taxi Hire",5378,2013
"Compensation Loss of Office",752.5,2013
"Bmf Fencing",12090.73,2013
"Book Stationery",30149.2,2013
"Highway Drainage Rodding and Jetting",385518.96,2013
"Highway Gritting Bleeding Roads",4774,2012
"Agency Staff - Permanent Teachers",59678.34,2013
"School House Maintenance.",3828.66,2014
"NCC Recharge",1868543.27,2014
"Agency Staff - Supply Teachers",202749.74,2012
"Certificate - Electricity Power & Light",1801968.46,2011
"Social Services Operational-Other1 April",49625.65,2011
"Other Expenses",229459.37,2012
"General Grounds Maintenance",2057.15,2013
"Cost of Sales",106227.18,2011
"Surveyors Fees",22539.2,2011
"Repair & Replacement Of Light Fittings",32903.1,2012
"Consumable Stores",2560.38,2011
"Staff Car & Cycle Allowances",2242.69,2014
"Construction Costs Roads Other",1430371.71,2014
"Fuel - General",7480.68,2011
"Creative Activity Equipment & Materials",3443.19,2011
"Software Maintenance",180367.62,2011
"Design Fees - Motts",2159937.3,2014
"Sessional Fees",698824.01,2013
"Direct Payment - Supporting Families with Disabilities -Domiciliary Care",7888.69,2014
"Bmf Electrical & Mechanical Maintenance",14976.35,2012
"Books & Publications",418,2012
"Contract Cleaning & Other Cleaning Services",223658.72,2012
"Foster Care Child In Care Christmas Allowance",1188,2011
"Bmf Asphalting",19957,2014
"Telephone Rental & Calls",687727.489999999,2014
"Other Hired & Contracted Services",12669432.53,2013
"Road Maintenance Contractor Payments",668702.39,2014
"Local Land Charges Fees",2550.56,2014
"Fire Equipment Service Contract",34.16,2011
"Advertising & Marketing",428.74,2012
"Operational Staff - Scale A to J",14850,2014
"Staff Medical & Eyesight Fees",4063.79,2011
"Farms Improvements Compensation Payments",39762,2012
"Service Level Agreement With Organisations Providing Services to NCC",6136822.39000001,2013
"School Academy Payments",1364245.93,2012
"Ext Highways - Utilities Trench & Cover Repairs",9173.15,2011
"Care Leavers Rent/Accomm",8110,2011
"Stamp Duty",1400,2013
"Water Charges Unmetered",10876.16,2011
"Custody Fees",69732.54,2012
"Foster Care Child In Care Holiday Allowance",1087,2014
"Mental Health Grant Unallocated Budget",1031.94,2011
"Printing, Stationery and Photocopying",510740.87,2014
"Legal Expenses Land",53679.51,2012
"Bmpp Security Systems",47758.88,2014
"Consultants Design Fees",153961.32,2012
"Bmpp External Redecoration",240337.37,2013
"Bmf Lifts Maintenance & Repairs",2861.39,2012
"Staff Subsistence & Conference Expenses",111758.96,2014
"Construction Costs - Roads",30925863.95,2013
"Audit Fees - Other",8112.5,2011
"Enquiry Agents Fees",11143.92,2013
"Highway Surveys U Roads",19536.96,2013
"Hospitality Expenses",59547.57,2013
"Bmpp Minor Building Repairs",67565.82,2012
"Bmf Tank Clean/Water System Disinf",20552.56,2014
"A.C.P. Committee Training",2040.36,2011
"Foster Care Child In Care Christmas Allowance",30,2012
"Contract Cleaning & Other Cleaning Services",1025240.09,2011
"Books & Publications",3078.22,2011
"Printing",71741.54,2011
"Legal Expenses Land",47130.45,2011
"Annual Premiums Received",28452.76,2014
"Fire Service Radio Equipment - Purchase",16775,2013
"Other Indirect Employee Expenses",5055.4,2014
"Internal Recharge Fencing",745.36,2011
"Consultants Design Fees",9316.75,2011
"Road Fund Driving & Operators Licences",4605,2013
"Adoption  - Introductory Expenses",876.54,2011
"Actuarial Fees-Investment",39550,2013
"Highway Street Lighting Non-Routine Maintenance",164331.86,2013
"Ext Highways - Utilities Trench & Cover Repairs",134965.04,2012
"School Academy Payments",449110.76,2011
"Security Costs",4289,2011
"Highway Drainage Repairs",58625.55,2012
"Child In Care Agency Fostering",8809164.14000001,2011
"Bmpp Boiler Servicing",504790.87,2014
"Contributions to Third Parties",20000,2011
"Non Staff Public Transport Costs",10729565.84,2012
"Agency Staff - Admin/Chief Officers - Scale K and Above",348540.61,2012
"Long Term Residential Care",94170625.2200177,2013
"Bmf Plant Replacements",97661.27,2014
"Data System Installation Costs",3336292.47,2011
"Construction Costs-Mobile Classrooms",1185980.75,2011
"Direct Payment - Domiciliary Care",1011798.48,2014
"Vehicle  Leasing Costs",825959.57,2014
"Other Expenses",170779.77,2011
"Land Registry Fees",8,2013
"Tree Planting/Landscaping Works",32111.72,2014
"Social Services Operational-Other1 April",-7752.82,2012
"Certificate - Electricity Power & Light",2159365.84,2012
"Agency Staff - Supply Teachers",30819.02,2011
"Operational Equipment",19976.32,2011
"Private Finance Initiative Payments",7791969.62,2014
"Grounds Maintenance Costs",350768.24,2013
"Payments to Organisations Providing Services To NCC",8176142.65,2014
"Cost of Sales",97526.6,2012
"Repair & Replacement Of Light Fittings",19954.13,2011
"Surveyors Fees",7083.5,2012
"Highway Patching to Carriageway",2485984.57,2011
"Educational Local Purchase",4080,2011
"Bmpp Swimming Pool Plant Replacement",2234,2014
"Participants Subsistence",28220.77,2011
"",NaN,2015
"Highway Winter Salt Barn Availability Charge under PFI",432274.5,2013
"Highway Gritting Bleeding Roads",4680,2011
"Highway Fencing Repairs",21515.35,2012
"Temporary Staff Admin & Clerical",173612.8,2013
"Placement Cost - Agency Fee",281627.8,2013
"Contact Arrangements",26640.04,2012
"Materials Purchases",3136681.74999999,2011
"Highway Structures Maintenance",729.09,2011
"Construction-Eci-Highways Operations Payment System",132407.16,2013
"Payment To Other Bodies",2950,2011
"Special Guardianship",1234.19,2011
"Fixed Price Vehicle Maintenance",220045.8,2014
"Other Parties Costs",4518.17,2011
"Company Searches",4500,2011
"Recharge Passenger Transport Group - Transport Costs",84732,2013
"Postage & Postal Services",195649.69,2013
"Bmf Electrical Installation Testing",20493.15,2012
"Operational Staff - Scale K and Above",3364.25,2013
"Highway Lighting Repairs",67148.2,2014
"Council Tax / Business Rates Payments",19650.77,2011
"Loose Furniture & Fittings-General",30035.38,2011
"Other Expenditure",5425,2012
"Staff Subsistence & Other Expenses Wb14",43.75,2011
"Purchase Of Fixtures & Fittings",11892.03,2011
"Carers Funding",3289.5,2011
"Child In Care Residential School 38 Week Out Of Norfolk",162560,2012
"Bmpp Repair & Replacement Of Light",1206,2013
"Construction - Enabling Works",799029.4,2013
"Purchase Of Equipment",191085.04,2014
"Protective Clothing and Uniforms",92131.19,2012
"Agency Staff - Operational - Manual",1042571.45,2012
"Staff Advertising  Expenses",36202.63,2011
"Equipment Purchases",1373301.58,2014
"Services of Solicitors Agents",229456.76,2013
"F.M.S.-Vehicle Costs",186326,2011
"Consultants Fees",8789.05,2012
"Marketing Design Costs",339380.16,2011
"Highway Landscape Maintenance",15818.46,2013
"Valuers Fees",85623.0299999999,2011
"Legal Expenses Buildings",2784,2013
"Foster Care Retainer Pay",40747.11,2011
"Non Staff Advertising - Statutory",42290.4,2011
"Depreciation Charges (99400)",83.65,2011
"Bmpp Generators & Repairs Arising",697,2013
"Purchase Of IT",2446482.53,2013
"Postage - Other Carriers",1325.65,2011
"Supported Living",11990651.5199999,2014
"Highway Rechargeable Works Payments",580915.64,2012
"Adaptation/Improvement-Existing Buildings",148680.38,2012
"",,2013
"Bmpp Electrical Installation Testing",65064.57,2012
"Wireless - Maintenance",28924.45,2011
"Transfer To/From Reserve",18000,2013
"Direct Payment - One Off Payment To Carers",7289.05,2012
"Interest Paid on External Loans",788955.48,2014
"Bmf Boiler Servicing",184652.66,2014
"Electricity at Work Regulations Testing/ Repair",1587.63,2011
"Child In Care Residential Home In Norfolk",3757806.57,2012
"Gas (mains supplied)",12419.67,2012
"Quality Assurance",11541.27,2011
"Library Books - Junior Fiction",30434.93,2014
"Initial Fostering Allowance",1740,2011
"Salary Support Costs",650,2011
"Highway Bridge Maintenance",1039510.24,2012
"Consultants Fees and Charges",192920.45,2014
"Agency Staff - Relief Assistant Warden",17894.78,2012
"Carers Residential Respite Care",1583.1,2011
"Actuarial Fees - Frs17",78680,2013
"Adaptation/Improvement-Existing Buildings",763825.38,2011
"Highway Rechargeable Works Payments",942999.2,2011
"Allocation of Contingency Provision",8598,2014
"Voluntary Driver Payments",137814.74,2013
"Foster Care Retainer Pay",121673,2012
"Non Staff Advertising - Statutory",37442.47,2012
"Staff Interview Expenses",3442.32,2014
"Marketing Design Costs",232703.16,2012
"Valuers Fees",7074.78,2012
"Child In Care Residential Education Only",350341.48,2013
"Conservation Grants",24082.07,2011
"Salary Support Costs",735,2012
"Highway Patching to Carriageway and Footway",1674,2013
"Highway Surveys A Roads",33525.18,2013
"Clients Bus & Rail Passes",71.4,2011
"Gas (mains supplied)",306325.87,2011
"CMW M&E Other",42282.68,2013
"Private Contractor Site Operation Payments",16206047.57,2014
"Agency Staff - Relief Assistant Warden",11785.06,2011
"Bmpp Building Repairs",341602.35,2013
"Grant Payments",687810.59,2014
"Highway Bridge Maintenance",999791.68,2011
"Agency Staff - Sessional Tutors",366095.05,2013
"Contributions To Third Parties",5610,2011
"Highway Safety Barriers",74498.53,2013
"Direct Payment - One Off Payment To Carers",10571.4,2011
"Certificate - Plant Replacement",20871.24,2013
"Child In Care Residential Home In Norfolk",2121506.6,2011
"Bmf Gas Appliances & Repairs Test",19876.77,2013
"Provisions General Residential",6742.11,2011
"Purchase Of Care - M.I.S.G.",5844.33,2011
"Company Searches",886,2012
"Alterations To Service - Sewerage",3100,2013
"Hired & Contracted Services - Advisory Service",10406.15,2011
"Actuarial Fees- Actuarial",59805,2013
"Meetings Of Foster Parents",2904.98,2011
"Staff Relocation Costs",740,2013
"Stocks - Receipts",3539.64,2014
"Sundry Purchases",8198.47,2014
"ICT System Improvements",5670337.15,2013
"Courier Services",1779.55,2011
"Workshop Personal -Transport Duties",8514,2014
"Highway Winter Vehicle Charges",36168.1,2013
"Management Fees - General",4411245.68,2014
"Direct Payment - Supp Families with Disabilities-Dom.Care",3090.02,2014
"Highway Fencing Repairs",45472.61,2011
"External Hire & Contract Payments",1893.93,2011
"Highway Grass Cutting",61213.2,2014
"Highway Machine Wet Condition Skidding Survey",28676.77,2011
"Highway Structures Maintenance",281257.73,2012
"Materials Purchases",2725961.72,2012
"Contact Arrangements",1084.83,2011
"Certificate - Environment Control Systems",815.16,2014
"Protective Clothing and Uniforms",168413.7,2011
"Design Costs Mouchel",106001.97,2014
"Refuse Collection Costs",20088.52,2014
"Child In Care Residential School 38 Week Out Of Norfolk",61005,2011
"Consultants Fees",91879.97,2011
"Agency Staff - Operational - Manual",618036.870000001,2011
"Staff Advertising  Expenses",67729.9,2012
"Other Expenditure",18543.6,2011
"Council Tax / Business Rates Payments",2325,2012
"Library Books - Large Print",5095.09,2014
"Security Guards",2488.94,2011
"Learning Resources Purchases",16949.19,2014
"Planned Balance Carried Forward",150,2012
"Highway Verge Hedge and Tree Maintenance",708.96,2014
"Insurance Premiums Paid -External",1621533.7,2013
"Carers Funding",11814.57,2012
"Maintenance Of Buildings",3607.69,2011
"Travel Exps",106.2,2012
"Highway Traffic Signals and Systems Outstation Communication Maintenance",210385.58,2013
"Tank Clean/Water System Disinfection",150597.31,2011
"Cleaning Materials Purchases",20845.91,2012
"Compensation & Ex-Gratia Payments",9075,2013
"Equipment Purchases For Service Users",2123151.28,2014
"Fire Fighting Equipment-Repair/Replacement",744.82,2011
"Asphalting",66032.29,2012
"Rents and Hire of Premises & Facilities",2438145.08,2011
"Bmpp Reroofing",9764.57,2012
"Other Vehicles Running Costs",55224.87,2011
"Highway Repairs to Footways and Cycle Tracks",-247.5,2013
"Fees & Charges",4771581.09,2014
"Grants",2267,2013
"Adoption Allowance Payments",127044.82,2014
"Other (Photos Etc)",49887.46,2011
"Archive Boxes",35520.53,2011
"Site Invest/Surveys",42728.43,2012
"Pension Fund Deficit Payment",417000,2012
"Fuel Oil",80307.69,2013
"Kinship Care Allowance",5365.12,2012
"Actuarial Fees - Gen",88985,2014
"Electrical & Mechanical Maintenance.",246158.52,2011
"Purchase of Care - Unspecified",76055.57,2011
"Post Adoption Work",1176.45,2011
"Admin & Clerical - Scale A to J",250358.69,2012
"Highway Winter Ice Prediction Service Charge",54793.29,2011
"Bmpp Plant Replacements",25968.76,2012
"Fencing",6610.62,2012
"Fire Service Feeding At Fires",5858.1,2014
"Welfare/ Learning Support Assistants",56525.6,2011
"Witnesses Expenses and Reports",165890.9,2012
"Bmpp Ashpalting",13582.56,2013
"Supply Teachers",1582.29,2014
"Equipment Repairs, Maintenance & Servicing",108242.09,2013
"Agency Staff - Panel Funded Staff",767.7,2012
"General Disbursements",22268.07,2013
"Cost of Licenses & Subscriptions",468288.26,2012
"Non Staff Course Conference & Subsistence Expenses",357099.71,2012
"Construction-Eci-May Gurney",56536.3,2012
"Bmpp Structural Builidng Work",48322.51,2014
"Foster Care Child In Care Gifts",1624.13,2011
"Bank Charges",117996.8,2012
"Highway Road Markings",794631.85,2012
"Information Strategy - Miscellaneous Expenses",469,2011
"Awards Or Grants For School Children Students & Learners",68680,2013
"Mobile Phone Rentals",413.79,2011
"Section 17 Financial Assistance",66765.07,2012
"Bmf Generators & Repairs Arising",26151.94,2013
"Vehicle Fuel",347159.3,2014
"Highway Winter Snow Clearing",14433.52,2014
"Staff Medical & Eyesight  Fees",438412.9,2012
"Computer Equipment Less Than 6000",4156.21,2011
"Other Sampling & Testing",1650,2011
"Public Inquiry Costs",25980.8,2011
"Equipment Repairs Maintenance & Servicing",736427.74,2012
"Counsel's Fees",711137.34,2012
"Compact Discs",7859.79,2014
"Teaching Support",92224.92,2013
"Direct Payment - Day Care Services / Supported Activities",7410.31,2014
"Accommodation Works Buildings",54367.16,2013
"Engineering Design Fees",1468100.52,2012
"Bank Charges",132919.84,2011
"Child In Care Health Care",42000,2012
"Drivers",3033.67,2011
"Purchase Of Buildings",485000,2014
"Highway Road Markings",510317.12,2011
"Agency Staff - Panel Funded Staff",2378.55,2011
"Care Leavers Personal Allowance/Support",382,2014
"Witnesses Expenses and Reports",185961.57,2011
"Welfare/ Learning Support Assistants",53831.13,2012
"Cost of Licenses & Subscriptions",810417.27,2011
"Non Staff Course Conference & Subsistence Expenses",386301.39,2011
"Publicity",32122.03,2011
"Counsel's Fees",747312.16,2011
"Equipment Repairs Maintenance & Servicing",1447588.51,2011
"Subscriptions To Other Libraries",20325.65,2014
"Public Inquiry Costs",195417.88,2012
"Direct Materials",41640.93,2011
"Bmf Fire Alarms",50543.94,2014
"Engineering Design Fees",1109043.16,2011
"Library Books - Junior Non Fiction",9642.16,2014
"M&E Other (Schools)",2709958.34,2013
"Conservation Material",4173.86,2014
"Video Recordings",2000,2013
"Contract Plant & Machinery Hire",1474786.71,2013
"Mobile Phone Rentals",1040,2012
"Staff Medical & Eyesight  Fees",227081.33,2011
"General Equipment/Tools/Materials-Repairs",7304.68,2011
"Spoken Word Cassettes",151248.91,2013
"Highway Gulley Emptying",723332.17,2013
"Rents and Hire of Premises & Facilities",1552178.2,2012
"Other Vehicles Running Costs",24223.24,2012
"Solid Fuel",768.61,2011
"Asphalting",145006.31,2011
"Traffic Signals and Systems Accident Damage",3812,2014
"Temporary Staff",2760,2011
"Library Books - Adult Fiction",215409.64,2013
"Highway Emergency Cleansing",14146.4,2013
"Small Tools & Plant - Purchase",5501.83,2011
"Room Hire",276.75,2014
"Expenses On Behalf Of Clients",787.5,2011
"Bmpp Electrical & Mechanical Maintenance",125867.55,2014
"Travel Exps",143.2,2011
"Agency Staff - Casual Labour",542.52,2013
"Special Guardianship Child In Need",59003.78,2013
"Advanced Driving Instructor Fees",35424,2011
"Grants To Outside Bodies",135890.32,2013
"Tank Clean/Water System Disinfection",176829.39,2012
"Cleaning Materials Purchases",59711.03,2011
"Bmf Reroofing",17904.81,2014
"Traffic Signals and Systems Non-Planned Maint.",59670.81,2014
"Fencing",17724.81,2011
"Highway Traffic Signals and Systems Energy",29940.99,2014
"Mortuary Facilities",5642.06,2011
"Child In Care Family Unit",286643.65,2011
"Other Operational Equipment-Purchase",98252.14,2011
"Highway Winter Ice Prediction Service Charge",40875.9,2012
"Other (Photos Etc)",58705.18,2012
"Site Invest/Surveys",178577.33,2011
"Pension Fund Deficit Payment",2965083.31,2011
"Child In Care Education Costs",782,2014
"General",18065,2011
"Newspaper Filming",8973.32,2014
"Admin & Clerical - Scale A to J",149098.75,2011
"Building Alterations & Improvements",436413.13,2013
"Electrical & Mechanical Maintenance.",158141.21,2012
"Purchase of Care - Unspecified",3698.85,2012
"Kinship Care Allowance",2110,2011
"Purchase Of Vehicles over 20K",2231271.07,2011
"Audit Fees - Grants",60164.5,2011
"Private Contractor Catering Payments",311935.51,2012
"Placement Cost-Medical Fee",17297,2011
"Contract Cleaning - Ex Work",2983.8,2011
"Security General",-591.48,2011
"Homelessness Support Child In Need",12837.52,2014
"Other Local Authorities",357970.13,2011
"Support Services",144008.98,2012
"Purchase Of Software Licences",1008.62,2012
"Internal Recharge Environment Transport & Development",59895.22,2011
"Care Leavers Rent & Accommodation",373267.17,2014
"Certificate - Electricity, Power & Light",153176.03,2014
"Vehicle Repair Costs",95306.49,2011
"Personal Budget - Respite Residential Care",187354.65,2011
"Internal Redecoration",20349,2011
"Highway Illuminated Sign Non-Routine Maintenance",36010.66,2014
"Training Volunteers",526.68,2011
"Homelessness Section 17",6080.43,2011
"Highway Pothole Repairs",105156.62,2011
"Estate / Site Management Costs",545357.77,2014
"Purchase Of Books",887.2,2014
"Health & Safety At Work Act",484.9,2012
"Child In Care Nursing Care Home",92290.16,2011
"Admin/ Chief Officers - Scale K and Above",211321.35,2011
"Fire Service Radio Equipment - Running Costs",63837.39,2011
"Bmpp Swimming Pool Plant",5326.64,2014
"Estate-Improvements",14131.44,2011
"Child In Care Residential School 52 Week Out Of Norfolk",1546953.69,2013
"Bookbinding",454.7,2013
"Highway Traffic Signals and Systems Planned and Contracted Maintenance",632623.91,2011
"Bmf Repair & Replacement Of Light",98021.36,2013
"Child In Care Short Term Break",46848.21,2012
"ICT Other Running Costs",2301171.05,2013
"CONSTR COSTS - M&E OTHER",5109515.17,2011
"Highway Winter Gritting",90280.88,2013
"Staff Excess Travel Expenses",5738.6,2013
"Office Equipment-Routine Maintenance",2137.23,2011
"Bmf External Redecoration",87371.57,2013
"Broadband, Virtual Private Network & Leased Lines",232111.06,2014
"Accreditation Scheme Payments",3523123.85,2011
"Adult Placement Scheme",35387.8,2012
"Highway Traffic Signals and Systems Non-Planned Maintenance",79023.98,2011
"Purchase Of Land",3612000,2013
"Building Repairs",735278.84,2012
"Purchase Of Furniture",81337.75,2014
"Canteen Equipment - Purchase",29038.66,2011
"Direct Payments - Short Term Break",6770.65,2014
"Block Gross N Chargeable Supporting People",539160.3,2011
"Bmpp Swimming Pool Maintenance",5925.99,2013
"Members Conference Expenses-Other",375,2014
"Library Books - Electronic Subscriptions",96577.57,2012
"Maintenance Of Collections",750,2011
"Alterations To Service - Telecom",64403.27,2011
"Services Provided By Landlord",282349.38,2012
"Interpreters",19456.44,2011
"Vehicle Insurance",-21462.93,2013
"Interpreters/Translators",18895.72,2011
"Foster Parents Payments",1844269.73000001,2012
"Child In Care Residential Home Out Of Norfolk",5300848.96,2013
"Linen & Laundry",33319.06,2011
"Fees/Expenses - Other Consultants",673898.36,2011
"Office Equipment & Supplies",251438.19,2013
"Highway Street Lighting Energy",1541359.68,2014
"Books and Publications",134486.74,2013
"Electricity",1182705.15,2012
"Free Nursing Care",1613766.63000007,2011
"Modifications - Computer Lines",10965.33,2011
"Entertainment of Council Guests",488,2011
"Bmf Building Repairs",119103.63,2014
"Domiciliary Care",23138271.7500001,2013
"Vehicles Purchases",148883.66,2013
"Residence Order Allowance",5156.75,2013
"Services Provided By Landlord",413292.53,2011
"Alterations To Service - Telecom",175058.79,2012
"Interpreters",13182.27,2012
"Bmf Building Work",58835.63,2012
"Library Books - Electronic Subscriptions",35287,2011
"Dyking & Drainage Schemes",1075,2011
"Legal Fees",57957.75,2013
"Building Repairs",1189058.43,2011
"Swimming & Games Facilities",49177.77,2014
"Highway Traffic Signals and Systems Non-Planned Maintenance",82478.12,2012
"Adult Placement Scheme",109798.2,2011
"Accreditation Scheme Payments",3647963.12,2012
"Free Nursing Care",348407.66,2012
"Bmf Gas Pressure Testing",6135.46,2013
"Electricity",1877067.86,2011
"Long Term Care with Nursing",9141782.52999989,2014
"Computer Hardware Purchase",4262,2011
"Buildings - Internal Redecoration",12059.55,2013
"Construction Costs -Roads - ECI - May Gurney",266774.64,2013
"Photographic Equipment",638.68,2011
"Other Cntrcted Servs",491.1,2011
"Foster Parents Payments",1764409.37000002,2011
"Other Travel Expenses",12624.82,2013
"On-Line Bank Charges",20602.84,2014
"Other Support Costs",12074.68,2013
"Linen & Laundry",23359.11,2012
"Office & Equipment - Purchase",4149.62,2011
"Agency Staff - Operational APT&C",4514190.68,2014
"Highway Winter Salt Usage",651579.47,2014
"Bmpp Fire Alarms",67813.28,2014
"Royalty Fees",660.34,2011
"Contract Transport  Hire",23086068.64,2014
"Purchase Of Software Licences",33452.74,2011
"Support Services",357127.93,2011
"Private Contractor Subsidy Payments",3555714.33,2013
"Internal Redecoration",141234.99,2012
"Workshop Equipment Testing",2219.62,2011
"Personal Budget - Respite Residential Care",222073.87,2012
"Vehicle Repair Costs",74629.54,2012
"Bmpp Gas Appliances & Repairs Test",29452.12,2014
"Hire Car Park Attendants",153105.3,2011
"Private Contractor Catering Payments",3843107.87,2011
"Purchase Of Vehicles over 20K",959394.96,2012
"Alterations To Service - Electricity",658582.18,2014
"Bridge Inspection/Assessments",2999.65,2014
"Agency Staff - Operational Hay & M",165175.08,2014
"CONSTR COSTS - M&E OTHER",1261842.43,2012
"Intelligent Transport System -  Signal Design Fees",46.18,2011
"Construction Cost-Adaptation/Improvement Building",28282284.43,2013
"Highway Traffic Signals and Systems Planned and Contracted Maintenance",522101.81,2012
"Supply Teachers Insurance Fund",5819,2011
"Short Term Residential Care",2093571.57,2013
"Stamp Duty / Legal Expenses",8487,2012
"Bmf Minor Building Repairs",64152.86,2013
"Highway Surveys C Roads",34352.7,2013
"Highway Pothole Repairs",80500.68,2012
"Audit Fees - Accounts",134615,2014
"Fire Service Radio Equipment - Running Costs",95105.44,2012
"Admin/ Chief Officers - Scale K and Above",90777.54,2012
"Customer Research & Insight",39376.54,2014
"Child In Care Nursing Care Home",136963.78,2012
"Children's Pens",2020.26,2012
"Members Conference Expenses-Other",1000,2012
"Internal Recharge Other Appointed Costs",23994.32,2011
"Support Staff Overtime",21418.84,2012
"Library Books-Adult Non Fiction",350096.24,2013
"Library Books - Electronic Subscriptions",127438.5,2014
"Services Provided By Landlord",109813.63,2014
"Agency Staff - Catering Staff",73.22,2011
"Non Pension Payments",113554.96,2012
"Operational Staff Overtime",-348.7,2011
"Additional Furniture & Equipment",5026.44,2011
"Other Newspaper/Periodicals",33065.85,2013
"Minor Building Repairs",385741.1,2012
"Retainer Fees",3400,2011
"Operational - Manual",-49.28,2013
"Swimming & Games Facilities",142842.32,2011
"Purchase Of Furniture",124232.72,2012
"Direct Payments - Short Term Break",4230.64,2012
"Long Term Care with Nursing",15131281.66,2011
"Highway Street Lighting Energy",1542814.73,2012
"Electricity",910510.240000001,2014
"Non Staff Course, Conference & Subsistence Expenses",549373.57,2014
"Bmf Building Repairs",80601.93,2012
"Surveys - General",605,2011
"Substance Misuse Budget",513063.77,2011
"On-Line Bank Charges",32880.56,2011
"Maintenance Of Site",46161.42,2011
"Foster Parents Payments",1506193.27,2014
"Agency Staff - Operational APT&C",922769.059999999,2011
"Default",5068.88,2011
"Staff Training Costs",630224.56,2013
"Support Services",3240,2014
"Contract Transport  Hire",28244199.9200001,2011
"Purchase Of Software Licences",2395,2014
"Care Leavers Rent & Accommodation",370633.45,2012
"Highway Winter Salt Usage",780446.59,2011
"Pension Lump Sum ILL Health & Injury",48324.99,2011
"Construction Costs - Imtech",200452.95,2014
"Other Miscellaneous Expenses",180517.52,2011
"Waste Disposal & Recycling Payments",1952.28,2012
"Highway Illuminated Sign Non-Routine Maintenance",35943.85,2012
"Bmpp Tank Clean/Water System Disinf",95209.6000000001,2013
"Private Contractor Catering Payments",0,2014
"Homelessness Support Child In Need",65542.79,2012
"Agency Staff - Operational Hay & M",112146.69,2011
"Allocation of Contingency Prov",45829,2011
"Alterations To Service - Electricity",71538.78,2011
"Architects Fees",91768.44,2013
"Books",7369.67,2011
"Child In Care Short Term Break",22600.5,2014
"Certificate - Building Fabric",405958.17,2013
"Consumable Materials (Laboratory)",1019.5,2011
"Estate / Site Management Costs",908501.32,2012
"Purchase Of Books",13559.98,2012
"Planned Provision (Contingency)",4027.28,2011
"Customer Research & Insight",94476.1,2011
"ICT Software Purchases, Licenses & Maintenance",145664,2013
"Bmpp Swimming Pool Plant",6686.4,2012
"Audit Fees - Accounts",299060.5,2011
"Bmpp Gas Appliances & Repairs Test",10407.52,2012
"Cleaning & Domestic Equipment-Purchase",9974.63,2011
"Direct Payment - Respite Residential Care",5764.56,2013
"Audit Fees - Grants",1250,2014
"Purchase Of Vehicles over 20K",974151.14,2014
"Payments-Other Bodies-General",112321.09,2011
"Alterations To Service - Electricity",257962.32,2012
"Staff Public Transport Costs",228415.02,2013
"Agency Staff - Operational Hay & M",212917.9,2012
"Homelessness Support Child In Need",61124.8,2011
"Pension Lump Sum ILL Health & Injury",34426.35,2012
"Highway Winter Salt Usage",741643.97,2012
"Bmpp Fire Alarms",21262.34,2012
"Care Leavers Rent & Accommodation",378002.64,2011
"Contract Transport  Hire",24005480.8400001,2012
"Bmf Security Systems",52913.46,2013
"Highway Patching to Footway",730461.2,2013
"Highway Illuminated Sign Non-Routine Maintenance",44543.54,2011
"Personal Budget - Respite Residential Care",246473.33,2014
"Alterations To Service - Gas",1269230,2013
"Waste Disposal & Recycling Payments",2853179.36,2011
"Vehicle Repair Costs",83629.08,2014
"Purchase Of Books",16598.64,2011
"Estate / Site Management Costs",1325082.8,2011
"Highway Pothole Repairs",40467.35,2014
"Audit Fees - Accounts",50200,2012
"Fire Service Radio Equipment - Running Costs",163690.05,2014
"Training Equipment",30439.17,2011
"Admin/ Chief Officers - Scale K and Above",83.91,2014
"Customer Research & Insight",30978.6,2012
"Bmf Electrical Rewiring",41316.04,2013
"CONSTR COSTS - M&E OTHER",1478743.96,2014
"Highway Winter Weather Forecast Service Charge",35952.83,2013
"Bmf Internal Redecoration",49469.21,2013
"Agency",130446.98,2013
"Bmpp Lifts Maintenance & Repairs",24322.48,2013
"Highway Traffic Signals and Systems Planned and Contracted Maintenance",127328.82,2014
"ICT Equipment Purchases",2783933.89,2013
"Members Conference Expenses Travel/Subsistence",107,2011
"Internal Trading Units",59929,2013
"Bmf Swimming Pool Plant",903.05,2013
"Purchase Of Furniture",640233.28,2011
"Swimming & Games Facilities",140120.35,2012
"Highway Traffic Signals and Systems Non-Planned Maintenance",7055.67,2014
"Accreditation Scheme Payments",2774772.43,2014
"Minor Building Repairs",499716.45,2011
"Internal Recharge Other Appointed Costs",3382.42,2012
"Members Conference Expenses-Other",1223.34,2011
"Free Nursing Care  - High Band",18136.5,2013
"Non Pension Payments",13091.5,2011
"Interpreters",20420.34,2014
"Alterations To Service - Telecom",454753.43,2014
"Bmf Building Work",173545.69,2014
"Buildings - External Redecoration",2972.79,2013
"Long Service Awards",13402.25,2011
"Purchase Nursing Preserved Rights",186640.75,2011
"On-Line Bank Charges",32493.9,2012
"Furniture Purchases",165343.76,2013
"SLA With Organisations Providing Services to NCC",2479052.06,2014
"Awards Or Grants For School Children, Students & Learners",12870,2013
"Default",3499.5,2012
"Agency Staff - Operational APT&C",1834873.46,2012
"Escorts (Home to School Transport)",8487.7,2013
"Free Nursing Care",447530.78,2014
"Personal Budget - Domiciliary Care",2266235.04,2013
"Long Term Care with Nursing",13830542.1399997,2012
"Highway Street Lighting Energy",1475805.33,2011
"Canteen Equipment - Repairs",7540.6,2011
"General Maintenance",11040.57,2011
"Personal Needs Of Client",7513.5,2011
"Child In Care Residential School 52 Week In Norfolk",2024713.49,2013
"Bmpp Structural Builidng Work",27265.12,2012
"Bank Charges",123826.56,2014
"Highway Road Markings",125925.13,2014
"Purchase Of Buildings",778804.95,2011
"Accommodation Works Land",4550,2013
"Schedule of Rates Vehicle Maintenance",520007.800000001,2013
"Compulsory Purchase Order Inquiry Costs",232.28,2011
"Landfill Leachate Costs",233139.56,2013
"Care Leavers-Education/Training",22612.15,2013
"Caretakers",14411.99,2011
"Fire Service Feeding At Fires",12841.32,2012
"Housing Related Support-Other Bodies",2077863.67,2013
"Supply Teachers",17421.33,2012
"Witnesses Expenses and Reports",97024.72,2014
"Care Leavers Personal Allowance/Support",8234.85,2011
"School Equipment Inspection/Testing",163483.57,2011
"Cost of Licenses & Subscriptions",325184.05,2014
"Mgt Fees - Gen",221126.03,2012
"Buildings Fixtures & Fittings",42324.06,2013
"DVD'S",129560.05,2013
"Subscriptions To Other Libraries",26400.11,2011
"Counsel's Fees",604328.39,2014
"Compact Discs",18670.38,2012
"Conservation Material",2617.42,2011
"Equipment Leasing Costs",44313.49,2013
"Library Books - Junior Non Fiction",26647.81,2011
"Direct Payment - Day Care Services / Supported Activities",1427.01,2012
"Engineering Design Fees",517378.59,2014
"Providing Financial Assistance to Service Users",50968.86,2012
"Premises Staff Overtime",12748,2011
"Patching - Fen Road",163073.68,2013
"Management Fees - Performance",972083.45,2014
"V.D.P. Publicity",240,2011
"Section 17 Financial Assistance",5411.86,2014
"Phone Equipment",1935.3,2012
"Site Works - Land",117791.54,2013
"Vehicle Fuel",446972.510000001,2012
"Hire Of Premises",179196.04,2011
"Operational Hay & M",617.98,2011
"Highway Winter Snow Clearing",17281.01,2012
"Staff Medical & Eyesight  Fees",363300.45,2014
"Equipment Purchases For Service Users",1410546.64,2012
"RCHG Vehicles Hired from a Central Pool",5628.87,2012
"ICT Software Purchases Licenses & Maintenance",2445356.02,2011
"Supporting Families with Disabilities - Domiciliary Care",61190.25,2013
"Bmpp Reroofing",29885.31,2014
"Fees & Charges",1914943.92,2012
"Care Leavers Independent Living Grant",13350.11,2013
"New Fund Mngr Selection",78957.94,2012
"Room Hire",20182.29,2011
"Children At Home On Care Orders",1500,2011
"Campaign Expenses",660,2011
"Court Caretaker-Justice Assistant",1961,2011
"Bmpp Gas Pressure Testing",4912.41,2014
"Manuscripts",6657.4,2011
"Cost of Educational Visits and Games",21634.61,2012
"Cleaning Materials Purchases",8415.02,2014
"Other Professional Services",1398263.22,2013
"Child In Care Residential School 38 Week In Norfolk",56767.5,2013
"Foster Carer Allowance Special Purposes",2510,2013
"Bmpp Plant Replacements",96524.62,2014
"Child In Care Family Unit",33508.94,2014
"External Examinations Fees",151868.89,2013
"Highway Traffic Signals and Systems Energy",184052.75,2011
"Newspaper Filming",4353.5,2011
"School Transport General",982,2011
"Adoption Allowance Payments",104663.17,2012
"Child In Care Education Costs",4481.6,2011
"Construction Roads - Eci - Lafarge",15014.95,2014
"Site Invest/Surveys",81866.96,2014
"Pension Fund Deficit Payment",318000,2014
"Actuarial Fees - Gen",111425,2012
"Non Staff Advertising - Discretionary",488361.6,2013
"Admin & Clerical - Scale A to J",35394.86,2014
"Refund Of Contributions",76824.83,2012
"Bmpp Electrical & Mechanical Maintenance",16735.55,2012
"Consultants Fees - Environmental",2309.27,2013
"Allowance For Special Purposes",4833.14,2011
"Water Services",53140.66,2011
"Purchase Residential Preserved Rights",2107826.13,2011
"Cost of Educational Visits and Games",58837.75,2011
"Fees & Charges",4095908.14000001,2011
"Work Centre Materials",64041.92,2011
"New Fund Mngr Selection",29871.04,2011
"Rents and Hire of Premises & Facilities",671235.76,2014
"Contract Overheads",1718942.3,2013
"Other Vehicles Running Costs",45517.62,2014
"ICT Software Purchases Licenses & Maintenance",2281212.72,2012
"Equipment Purchases For Service Users",1226652.46,2011
"RCHG Vehicles Hired from a Central Pool",54858.63,2011
"Water and Sewerage Costs",207963.1,2013
"Air Travel",10859.89,2011
"Children At Home On Care Orders",11416.64,2012
"Other (Photos Etc)",16709.28,2014
"Adoption Allowance Payments",106637.67,2011
"Broadband Virtual Private Network & Leased Lines",337278.79,2013
"Work In Progress",329.13,2011
"Newspaper Filming",7004.74,2012
"Purchase of Care - Unspecified",1000,2014
"Actuarial Fees - Gen",10000,2011
"Staff CRB/Police Reports",299042,2011
"Highway Traffic Signals and Systems Energy",163238.1,2012
"Bmf Swimming Pool Maintenance",201.93,2013
"Highway Winter Ice Prediction Service Charge",55605,2014
"Care Leavers Personal Allowance/Support",6536.2,2012
"Supply Teachers",465.99,2011
"Caretakers",2118.82,2012
"Fire Service Feeding At Fires",9286.08,2011
"Welfare/Resource Assistants",16816.62,2011
"Mgt Fees - Gen",36988,2011
"School Equipment Inspection/Testing",125507.48,2012
"DVD's",13999.79,2014
"Compulsory Purchase Order Inquiry Costs",677.71,2012
"Purchase Of Buildings",567500,2012
"Vehicle Fuel",470022.89,2011
"Norwich Area Transportation Strategy/Northern Distributor Route",1250,2011
"Phone Equipment",11910.35,2011
"Grants To Playgroups",1226.23,2011
"Research & Development",23700,2011
"Highway Winter Snow Clearing",9884.92,2011
"Subscriptions To Other Libraries",31927.49,2012
"Public Inquiry Costs",226831.12,2014
"Toilet Rolls/Requisites",503.15,2011
"Printing Stationery and Photocopying",739587.92,2013
"Bmf Fire Alarms",44421.23,2012
"Providing Financial Assistance to Service Users",117116.08,2011
"Equipment General -  Excluding Computer Hardware",495,2011
"Direct Payment - Day Care Services / Supported Activities",6584.07,2011
"Educational Materials",24591.95,2011
"Library Books - Junior Non Fiction",25214.99,2012
"Insurance Costs",1060,2014
"Compact Discs",9647.64,2011
"Development Of Community Care Services",2921.4,2011
"Conservation Material",10832.3,2012
"Boiler Servicing",1064577.8,2012
"Supported Living",18817272.5299999,2012
"Pathological/Medical Practitioners",17477.9,2011
"Construction Costs - New Buildings",51371.11,2012
"Highway Rechargeable Works Payments",230282.85,2014
"Allocation of Contingency Provision",180580.42,2011
"Adaptation/Improvement-Existing Buildings",21764.1,2014
"Bmpp Electrical Installation Testing",228061.7,2014
"Community Based Assessments",52635.85,2013
"Vehicle Abuse/Wear & Tear Costs",42423.76,2013
"Staff Interview Expenses",8353.1,2011
"Schools Building Maintenance Buyback",14381.21,2011
"Road Fund, Driving & Operators Licences",29575.4,2014
"Agency Staff - Admin/Chief Officers - Scale K +",6510.59,2014
"Gas (mains supplied)",14676.44,2014
"Library Books - Junior Fiction",75936.4,2012
"Feasibility Studies",9250,2011
"Grants To Private Individuals",1229,2014
"Agency Staff - Home Care Assistants",7294.79,2013
"Grant Payments",4323070.75,2011
"Highway Kerb Footway and Cycleway Repairs",176960.93,2013
"Highway Bridge Maintenance",368073.53,2014
"Consultants Fees and Charges",593013.63,2012
"Discretionary Added Years & Pension Strain Payments",35208.04,2013
"Private Contractor Site Operation Payments",23580843.0199999,2011
"Direct Payment - One Off Payment To Carers",7402.6,2014
"Accommodation Works/Contract",4580,2013
"Library Books General",18683.02,2011
"Interest Paid on External Loans",1211986.3,2012
"Payments To Photographers",5950,2011
"Contributions To Third Parties",5190,2014
"Bmf Boiler Servicing",64768.65,2012
"Adoption Panel Expenses",8332.7,2011
"Short Term Care Relief Scheme",1060.9,2011
"Child In Care Residential Home In Norfolk",3011822.32,2014
"Purchase Of Major Software",30091.05,2013
"Medical Requisites & Drugs Etc",34674.46,2013
"Sewerage & Environmental Services",2995.48,2011
"Day Care / Supported Activities",3551269.41,2013
"Short-term Vehicle Hire",42470.38,2013
"Highway Surveys B Roads",18510.74,2012
"Library Books-Standing Orders",13736.64,2013
"Fixed Price Vehicle Maintenance",236344.54,2012
"Internal General Repairs",2382,2011
"Sundry Purchases",71906.27,2011
"Bmf Electrical Installation Testing",111209.51,2014
"Highway Fencing Repairs",4372.47,2014
"Firefighter",10019.3,2013
"Certificate - Environment Control Systems",91363.67,2011
"Operational Equipment & Expenses  - School Clusters",434,2012
"Contact Arrangements",7088.09,2014
"Pens To Retired Employees",15030.52,2012
"Highway Grass Cutting",673128.28,2011
"Sessional Tutors",1725,2012
"Computer Stationery",8280.91,2011
"Site Works Buildings",1835,2011
"Refuse Collection Costs",47872.17,2011
"Purchase Of Equipment",119583.91,2012
"Purchase Of Exhibits",585,2011
"Protective Clothing and Uniforms",78992.69,2014
"Fire Alarms",151549.6,2012
"Grants To Other Bodies",63297.79,2011
"Equipment Purchases",1285525.82,2012
"Consultants Fees",117956.7,2014
"Reroofing",114965,2011
"Library Books - Large Print",93103.28,2011
"Highway Lighting Repairs",28132.47,2012
"Highway Cats Eyes",7320.49,2011
"Other Expenditure",4871.1,2014
"Highway Verge Hedge and Tree Maintenance",745.89,2011
"Learning Resources Purchases",67135.57,2011
"Internal Recharge Laboratory Testing",600,2012
"Martineau Management Consultancy & Training - Catering & Hotel Cost",14959.65,2011
"Management Fees - General",2818049.76,2012
"Highway Structures Maintenance",-2127372.48,2014
"Highway Grass Cutting",503977.17,2012
"Materials Purchases",1672241.7,2014
"Bmpp School Equipment Inspection/Test",152877.81,2013
"Prompting Service",7893.6,2011
"Building Maintenance & Repairs",1491361.76,2013
"Certificate - Environment Control Systems",265855.47,2012
"Internal Recharge Footways Kerbs",1000,2014
"Fixed Price Vehicle Maintenance",384997.6,2011
"Phones-Chronically Sick and Disabled Persons Act",3585.11,2011
"Sundry Purchases",79531.02,2012
"Council Tax / Business Rates Payments",1988.25,2014
"Highway Lighting Repairs",5171,2011
"Catering Supplies",6414.53,2013
"Library Books - Large Print",104884.45,2012
"Reroofing",342084.34,2012
"Learning Resources Purchases",31163.51,2012
"Highway Verge Hedge and Tree Maintenance",3952.59,2012
"Fees Prior Year",3675.18,2013
"Carers Funding",1939.68,2014
"Fire Alarms",262626.1,2011
"Purchase Of Equipment",1411200.38,2011
"Highway Traffic Signals and Systems Upgrade Works",21234.17,2013
"Refuse Collection Costs",87627.4900000001,2012
"Highway Road Sign Maintenance",30723.82,2013
"Publicity-Advertising",40564.23,2011
"Equipment Purchases",1385124.4,2011
"Staff Advertising  Expenses",128918.69,2014
"Education (Schools) Recoupment Payments",301634.65,2013
"Non Staff Advertising - Statutory",35582.53,2014
"Foster Care Retainer Pay",50231.14,2014
"Staff Interview Expenses",4281.57,2012
"Marketing Design Costs",140255.89,2014
"Supported Living",21787970.28,2011
"Disturbance Payment",720,2013
"Boiler Servicing",934301.44,2011
"Higher Education Places Payments",48406.79,2011
"Grants To Voluntary & Social Enterprises",86191.12,2014
"Contribution To Other Bodies",5311,2011
"Allocation of Contingency Provision",3013,2012
"Construction Costs - New Buildings",2208905.87,2011
"Leaving Care Act Furniture/Equipment",904,2011
"Interest Paid on External Loans",26771830.37,2011
"Contributions To NCC Partnerships & Pooled Funds",10982,2013
"Catering Staff",524.77,2013
"Library Books General",70954.97,2012
"Boiler & Heating Repl M&E",1594770.33,2013
"Mobile Phone Other",5906.69,2011
"Swimming Pool Plant Replacement",23463.65,2011
"Construction Costs - Roads - HOPS",62098.87,2013
"Library Books - Junior Fiction",71127.35,2011
"Agency Staff - Admin & Clerical - Scale A to J",572195.819999999,2013
"Private Contractor Site Operation Payments",22411665.69,2012
"Bmpp Fencing",4723.83,2014
"Consultants Fees and Charges",1160901.14,2011
"Grant Payments",3985460.86,2012
"Telephone Rental & Calls",1034072.75,2012
"Agency Staff - Premises Manual",116.02,2011
"Road Maintenance Contractor Payments",1043595.43,2012
"Contract Cleaning-Non NCS",650,2011
"Agency Staff - Caretakers",3065.84,2011
"Electrical Rewiring",29173.05,2011
"Operational Staff - Scale A to J",337023.61,2012
"Audit Fees - Other",59769.25,2014
"Building / Planning Applications",114910.89,2013
"Pension Commuted Lump Sum",665764.9,2012
"Minimum Revenue Provision - Fixed Asset Depreciation (99600)",27720.5,2011
"Direct Payment - Supporting Families with Disabilities -Domiciliary Care",4898.51,2012
"Bmf Electrical & Mechanical Maintenance",66041.41,2014
"Contract Cleaning & Other Cleaning Services",22912.37,2014
"Special Transitional Grant Expenditure",344844,2011
"Bmf Asphalting",7479.99,2012
"Agency Staff - Social Services Operational-Other1 April",387831.93,2012
"Foster Care Child In Care Holiday Allowance",830,2012
"Custody Fees",89344.75,2014
"Staff Conference Expenses - Other",1359.04,2011
"Highway Surveys Footways/Cycleways",36320.37,2014
"Legal Expenses Land",11402,2014
"Bmpp Security Systems",12014.39,2012
"Consultants Design Fees",232788.65,2014
"Bmf Lifts Maintenance & Repairs",33921.82,2014
"Staff Subsistence & Conference Expenses",192537.87,2012
"Other Indirect Employee Expenses",365239.86,2011
"Highway Routine Maintenance Up Front Charge",469,2014
"School Academy Payments",2022821.86,2014
"Board & Lodging",17767.74,2011
"Own Disbursements, Other",20997,2014
"Highway General Cleansing",139.58,2011
"Child In Care Other",16759.98,2012
"Child In Care Agency Fostering",11082072.5899999,2014
"Accommodation",2600,2011
"Cost of Providing Short Term Breaks",17866.05,2013
"Highway Traffic Signals and Systems Accident Damage",76551.56,2013
"Conversion Works",6000,2013
"Construction Costs-Mobile Classrooms",1571309.12,2014
"Recharge to KG1062 for Capital Funded by Revenue",2000,2012
"Direct Payment - Equipment Purchases",2000,2013
"Vehicle  Leasing Costs",1497626.68,2011
"General Equipment/Tools/Materials-Purchase",119829.34,2011
"Land Agents Fees",4595.25,2013
"Lease Settlements",197051.61,2011
"Direct Payment - Domiciliary Care",182034.98,2011
"Cycle To Work Scheme Lease Costs",37737.5,2013
"Communications Renewals Fund",2853.25,2011
"Private Finance Initiative Payments",5354509.42,2011
"Other Expenses",133733.86,2014
"Premises Manual",14150.97,2012
"Tree Planting/Landscaping Works",242014.34,2011
"Payments to Organisations Providing Services To NCC",20014937.5500001,2011
"Staff Car & Cycle Allowances",87358.69,2012
"Construction Costs Roads Other",32560.49,2012
"Transfer or Contribution to Earmarked Reserves",180,2013
"Highway Patching to Carriageway",489939.59,2014
"Highway Gritting Bleeding Roads",5026.36,2014
"School House Maintenance.",9893.43,2012
"Agency Staff - Admin/Chief Officers - Scale K and Above",8147.92,2014
"Cost of Licenses & Subscriptio",584,2012
"Bmf Plant Replacements",9028.48,2012
"Permanent Substantive Tutors",112,2012
"Direct Payment - Domiciliary Care",215014.41,2012
"Staff Conference Expenses Travel & Subsistence",4231.7,2011
"Sponsored Child Minding",1618.38,2011
"Other Capital",235008.47,2013
"Internal Recharge- Highways SAMS Signs",500,2014
"Vehicle  Leasing Costs",1892284.07,2012
"General Equipment/Tools/Materials-Purchase",2648.7,2012
"Highway Drainage Repairs",28705.04,2014
"Call System Service Contract",2680.38,2011
"Bmpp Boiler Servicing",175923.44,2012
"Child In Care Other",45926.2,2011
"Non Staff Public Transport Costs",7270507.03,2014
"Accreditation",4600,2011
"Phone Rentals",82636.71,2011
"School House Maintenance.",18662.62,2011
"Social Services Operational-Burnham",2102.82,2012
"Premises Manual",5044.94,2011
"Tree Planting/Landscaping Works",5775,2012
"Own Disbursements Other",46512.33,2013
"Private Finance Initiative Payments",11038847.27,2012
"Animal Feeding Stuffs",2464,2011
"Staff Car & Cycle Allowances",17352.28,2011
"Construction Costs Roads Other",29406.59,2011
"Payments to Organisations Providing Services To NCC",2973427.53,2012
"Cost of Sales",35333.74,2014
"Anglian Water - Land Drainage Precept",173051,2011
"Surveyors Fees",3270.45,2014
"Internal Recharge Schools",25326,2013
"Premises Insurance",4567,2013
"Gas (LPG) & other Heating Fuels",6452.12,2013
"Pension Commuted Lump Sum",144023.19,2011
"Contract Transport Hire",1551511.8,2011
"D Care/Sup Act Person Bud",1302.77,2011
"Bmpp Minor Building Repairs",108968.46,2014
"Bmf Tank Clean/Water System Disinf",13148.09,2012
"Direct Payment - Supporting Families with Disabilities -Domiciliary Care",4302.51,2011
"Preliminary Design Fees",7500,2011
"Agency Staff - Caretakers",1959,2012
"Road Maintenance Contractor Payments",1391029.58,2011
"Redundancy & Pension Payments",1612.5,2012
"Telephone Rental & Calls",1582799.93,2011
"Private Voluntary Independent School Pre-school & Playgroup",7614782.74,2013
"Operational Staff - Scale A to J",536105.44,2011
"Electrical Rewiring",4020.98,2012
"Construction Costs - Roads - Amey",30948.56,2013
"Highway Scanner Machine Road Surface Condition Survey",211122.5,2011
"Ext Highways - Utilities Trench & Cover Repairs",1810.05,2014
"Exhibition Expenses",5386.74,2011
"Agency Staff - Social Services Operational-Other1 April",72753.42,2011
"Alterations To Service - Other",1153.49,2013
"Foster Care Child In Care Holiday Allowance",7453,2011
"Personal Budget - Day Care",1454355.21,2013
"Staff Subsistence & Conference Expenses",297936.24,2011
"Other Indirect Employee Expenses",127153.69,2012
"Oil & Lubricants",1158,2011
"Bmf Equipment Inspection/Testing",26135.92,2013
"Highway Weed spraying",192523.12,2013
